date,tavg,tmin,tmax,prcp,snow,wdir,wspd,wpgt,pres,tsun
2020-01-01,-3.1,-5.6,-0.3,0,0,51,5.4,13.3,1035.3,94
2020-01-02,-2.2,-6.2,0.8,0,0,136,4.3,12.2,1029.8,0
2020-01-03,4.5,0.6,7.8,0.8,10,196,12.2,37.4,1022,6
2020-01-04,3.6,0.5,5.2,1.7,0,246,16.9,42.1,1029.5,0
2020-01-05,4,2.7,5,0.1,0,209,4.7,14,1035.3,0
2020-01-06,2.1,-1.1,4.2,0,0,148,7.2,22,1028.9,3
2020-01-07,2.6,-0.7,5.1,0,0,161,7.9,26.3,1028.2,2
2020-01-08,4.5,3.4,6.1,4.6,0,144,7.6,22.7,1026.9,0
2020-01-09,8.4,6.1,10.1,16.5,0,155,11.5,27.7,1017.9,0
2020-01-10,7.3,3.4,10.6,0.4,0,224,15.5,43.9,1019.6,59
2020-01-11,3.1,-1,5.9,0,0,227,10.4,29.9,1032.7,165
2020-01-12,2.4,-1.2,5.5,0,0,185,11.9,37.1,1026.1,0
2020-01-13,5.1,3.8,6.1,0,0,164,10.8,29.2,1020.7,0
2020-01-14,8,5,10.2,0,0,164,16.6,42.1,1012.7,0
2020-01-15,10,6.7,12.9,0.8,0,187,19.4,53.3,1016.7,340
2020-01-16,8.2,3.4,11.8,0,0,152,7.9,28.1,1026.4,246
2020-01-17,4.6,-0.8,7.2,1,0,126,7.2,25.6,1019.9,176
2020-01-18,3.2,-0.1,5.4,0.3,0,236,12.6,33.5,1025.8,51
2020-01-19,2.3,-0.6,4.9,0,0,304,6.5,19.4,1037.2,29
2020-01-20,1.5,-2.9,5,0,0,14,7.2,22,1047.1,53
2020-01-21,-1.7,-5.2,4.8,0,0,56,3.2,10.4,1042.9,451
2020-01-22,-2.9,-6.2,-0.3,0,10,221,4,16.9,1037.5,15
2020-01-23,0.1,-1.7,2.2,0,0,52,5.4,16.6,1033,76
2020-01-24,-0.4,-1.2,0,0,0,170,8.3,22,1025.5,0
2020-01-25,-0.7,-1.8,0.3,0,0,187,5.8,15.8,1023.5,0
2020-01-26,0.9,-0.4,2.1,0,0,144,6.5,17.6,1019.9,0
2020-01-27,4.4,2,6.7,9.1,0,157,11.5,35.3,1010.4,0
2020-01-28,4.3,1.3,6.7,5.8,0,220,23.8,67.7,998.2,87
2020-01-29,2.9,1.5,6.2,1.1,0,225,17.6,63,1008.6,80
2020-01-30,6.1,3,9.4,0.7,0,202,18.4,41.8,1011.3,33
2020-01-31,11.8,9.2,14.4,0,0,231,23.4,47.9,1009.4,191
2020-02-01,10.2,6.7,11.9,16.5,0,217,18.7,46.1,1007.2,0
2020-02-02,8.4,5.3,12.5,4.1,0,231,21.6,60.1,1010.2,0
2020-02-03,8.9,5.3,11.1,11.2,0,237,21.2,59,1011.9,22
2020-02-04,3.6,1.1,5.9,2.4,0,268,15.8,47.5,1013.8,118
2020-02-05,3.2,-1.3,8.2,0,0,278,9.4,34.6,1033.3,503
2020-02-06,0.7,-2.2,4,0,0,193,5.8,17.3,1033.5,0
2020-02-07,1.2,-2.1,5.4,0,0,73,7.6,32,1029.5,483
2020-02-08,1.2,-3.2,4.3,0,0,92,4.7,18.7,1024.6,74
2020-02-09,7.6,1.4,12.7,9.9,0,179,25.2,79.6,1011.7,55
2020-02-10,7.3,2.4,12.7,9.4,0,235,36.7,93.6,998.3,169
2020-02-11,3.4,0.6,6.9,2.1,0,245,32.4,87.1,1006.1,214
2020-02-12,3.5,-0.2,7.1,0.3,0,239,25.2,58.3,1015.2,296
2020-02-13,2.1,-1.8,4.1,8.3,0,153,11.2,40.3,1009.1,0
2020-02-14,4.8,2,7.5,0,0,235,11.5,37.1,1019.2,18
2020-02-15,5.7,0.9,10.3,0,0,208,10.8,40.3,1021.7,285
2020-02-16,12.3,7.9,15.8,4.2,0,190,28.8,63,1010.2,18
2020-02-17,7.2,4.1,9.5,3.1,0,216,20.2,70.2,1015.7,44
2020-02-18,5.9,4.6,8.2,3.3,0,230,25.6,57.6,1022.7,66
2020-02-19,4.4,-0.1,6.8,0.1,0,235,19.8,52.6,1019.5,175
2020-02-20,6.1,2.5,9.9,0.5,0,199,19.4,64.8,1017.9,25
2020-02-21,5.1,3.4,7,0,0,237,24.1,56.9,1026,145
2020-02-22,6.5,0.7,10.3,1.1,0,205,22.3,59,1023.6,169
2020-02-23,9,3.6,11.9,5.7,0,239,30.6,77.8,1016.7,0
2020-02-24,5.5,1.5,10.3,3.5,0,203,15.8,59.4,1017.1,0
2020-02-25,7.4,2.3,10.7,5.6,0,237,23,55.8,1001.1,226
2020-02-26,2.5,1.3,4.3,2.8,0,236,20.9,54.4,999.8,8
2020-02-27,1.8,0,4.2,10.2,0,210,13.7,37.1,1002.7,0
2020-02-28,3.1,1.2,6,2.4,10,224,18,50.4,1015.2,129
2020-02-29,7.1,3.1,12.7,1.1,0,178,19.4,97.6,998.7,133
2020-03-01,6.9,4.1,9.6,3.5,0,201,22.7,58,996.3,250
2020-03-02,5.7,1.2,9.5,2.5,0,183,13.7,52.2,993.1,303
2020-03-03,4.6,0.8,8.3,0,0,246,15.5,44.6,1003,364
2020-03-04,3,-1,9.3,0.7,0,207,8.6,49,1011.7,129
2020-03-05,3.9,0.1,6,10.1,0,76,9.4,33.1,998.2,0
2020-03-06,5.3,4,7.2,0.6,0,234,17.6,49,994.9,0
2020-03-07,4.6,0.1,8,0,0,273,13.3,38.5,1017.3,76
2020-03-08,6.9,2.8,10.5,0.3,0,165,13.3,40,1015.8,50
2020-03-09,6.9,3.5,10.5,4.2,0,231,15.1,42.1,1013.6,314
2020-03-10,7.9,4.2,12.2,9.7,0,207,20.5,41.8,1009.4,0
2020-03-11,12.6,11.3,15.1,1.2,0,234,27.4,61.2,1011.6,78
2020-03-12,10,3.6,13.1,1.3,0,240,29.5,68,1011.3,173
2020-03-13,5.9,1.1,10.1,1.1,0,242,24.1,61.2,1018.1,210
2020-03-14,4.4,-0.2,10.1,0,0,82,6.8,34.2,1022.6,197
2020-03-15,8,3,13.7,0,0,145,11.5,36.4,1017.9,602
2020-03-16,8.4,0.4,16.1,0,0,59,5.4,16.6,1020,617
2020-03-17,10.1,3.6,15.6,0,0,251,9,29.9,1028.8,398
2020-03-18,8.8,1,16.1,0,0,221,8.3,36,1028.2,508
2020-03-19,10.2,5,16.8,0,0,52,5,19.4,1025,283
2020-03-20,8.9,4.8,13,0.6,0,30,17.3,46.8,1023.6,162
2020-03-21,4.5,0.2,7.7,0,0,47,27.7,67.7,1026.8,285
2020-03-22,2.4,-1.5,7.3,0,0,52,21.2,50,1032,685
2020-03-23,2,-3.7,7.8,0,0,77,14.8,40.7,1035.3,687
2020-03-24,2.6,-4.4,8.8,0,0,68,11.9,40.7,1033.1,691
2020-03-25,3.2,-4.6,9.8,0,0,44,18.7,46.4,1027.3,695
2020-03-26,4.8,-0.6,9.8,0,0,44,21.2,41.4,1021.8,616
2020-03-27,9.1,2.3,15.2,0,0,36,20.2,40,1018.3,676
2020-03-28,10.1,4,16.2,0,0,29,17.3,39.2,1019.6,679
2020-03-29,3.4,-1.2,8.1,0.1,0,,20.9,66.6,1025.3,145
2020-03-30,2.8,-3.4,8.3,0,0,10,10.4,33.1,1028.8,556
2020-03-31,3.6,-2.6,8.2,0,0,35,13.3,34.2,1028.4,543
2020-04-01,3,-4.7,10.8,0,0,100,5.4,21.6,1021.7,721
2020-04-02,5.1,-2.7,12.7,0,0,267,9.4,41,1013.7,720
2020-04-03,6.7,-0.1,12.4,0,0,247,11.5,33.1,1016.2,43
2020-04-04,6.4,-2.2,13.8,0,0,28,7.6,22.7,1024.6,677
2020-04-05,10.1,0.5,18.2,0,0,70,11.5,56.2,1023.8,735
2020-04-06,12.1,1.3,22.2,0,0,101,10.4,40.3,1022.4,739
2020-04-07,13.5,3.9,20.7,0,0,17,10.8,27,1029.3,721
2020-04-08,14.6,6.5,23.4,0,0,60,6.1,19.1,1025.2,734
2020-04-09,13.9,4.9,22.8,0,0,35,7.6,32.4,1023.6,365
2020-04-10,13.2,6.2,20.9,0,0,43,10.1,29.2,1025,609
2020-04-11,11.9,2.4,20.4,0,0,35,7.2,19.8,1024.1,755
2020-04-12,13.4,4.7,22.7,0,0,327,7.9,36.4,1016,607
2020-04-13,7.5,2.2,11.3,0,0,18,14.4,43.6,1018.1,400
2020-04-14,4.9,-2,10.6,0,0,341,10.8,29.5,1025.5,465
2020-04-15,7.4,-1.8,16.2,0,0,75,4.7,20.2,1024.5,652
2020-04-16,12.4,1,23.1,0,0,138,7.9,32.4,1017.2,724
2020-04-17,15.1,6.3,23.5,0,0,43,9.4,26.3,1015.3,740
2020-04-18,14.3,7.6,22.7,15.3,0,19,8.3,39.6,1015,300
2020-04-19,11.3,8.1,15.1,0,0,9,16.6,38.5,1017.7,130
2020-04-20,10.9,4.9,16.7,0,0,43,26.6,58.7,1018.8,791
2020-04-21,12.3,5.8,18.2,0,0,40,26.6,57.2,1017.8,794
2020-04-22,13.6,7,20.6,0,0,39,22.7,51.1,1019.7,798
2020-04-23,13.6,5.2,22,0,0,27,9.7,37.4,1019.3,795
2020-04-24,12.8,3.3,21.9,0,0,260,10.1,45.7,1011.9,597
2020-04-25,10.5,4.4,16.4,0,0,10,10.1,27.7,1012.2,655
2020-04-26,11.5,2.1,19.9,0,0,55,5.8,28.1,1010.8,810
2020-04-27,13.1,2.8,21.9,0,0,229,7.6,33.1,1008.1,706
2020-04-28,10.6,5.5,16.9,1.8,0,87,8.6,47.9,1005.4,46
2020-04-29,12.5,7.7,17.7,1.8,0,225,14.8,58,1006.3,249
2020-04-30,11.2,6.8,16.2,7,0,188,19.1,53.6,1003.5,78
2020-05-01,8.9,5,14.1,4.2,,204,15.1,49.7,1003.2,214
2020-05-02,8.4,5.6,12.3,2.5,,239,14.4,46.8,1009.6,259
2020-05-03,10.6,2.8,16.6,0,,231,9.4,28.1,1017.8,710
2020-05-04,9.9,4,12.8,1.6,,21,8.3,29.5,1017.5,80
2020-05-05,8.5,2.6,14.7,0,,40,12.2,35.3,1020.6,818
2020-05-06,9.9,1.5,17.3,0,,45,8.3,30.6,1024.5,843
2020-05-07,12.6,1.5,21.4,0,,169,5.4,23,1023.2,833
2020-05-08,16,6.4,23.2,0,,51,6.8,23.8,1017.3,617
2020-05-09,15.3,8.8,21.6,0,,56,8.3,24.8,1012.7,247
2020-05-10,14.5,9.2,22.5,3.2,,325,6.1,43.2,1005.9,133
2020-05-11,6.1,2.6,11.2,3.4,,9,21.2,57.2,1009.5,26
2020-05-12,6.7,-1.7,13.1,0,,296,6.8,24.1,1017.9,605
2020-05-13,8.6,2.1,14.1,0,,5,9.4,36.7,1012.7,299
2020-05-14,8.6,3,14.3,0,,21,15.1,40.3,1017.4,653
2020-05-15,10.1,2.2,17.2,0,,26,13.3,33.8,1019.7,768
2020-05-16,11.1,1.4,18.9,0,,285,7.2,24.1,1022.2,773
2020-05-17,13,5.3,19.4,0,,279,8.3,27.7,1023,839
2020-05-18,14.9,4.4,23.5,0,,228,10.1,35.3,1022.8,844
2020-05-19,16.7,7.3,24.9,0,,288,7.9,28.1,1020.9,446
2020-05-20,17.5,11.7,22.7,0,,14,11.2,36,1021.2,484
2020-05-21,17.5,8.3,25.2,0,,90,6.8,23,1021.5,884
2020-05-22,17.8,10.5,24.7,9.4,,130,9,35.3,1019.4,61
2020-05-23,12.6,8,15.3,1.8,,237,15.1,44.3,1024,102
2020-05-24,11.8,6.4,16.7,0,,230,15.8,42.1,1029.1,163
2020-05-25,14.8,9.6,20.1,0,,286,15.1,38.2,1031.6,359
2020-05-26,13.5,5.6,20,0,,31,8.3,24.1,1034.6,631
2020-05-27,16,6,23.4,0,,200,6.5,38.5,1032.3,749
2020-05-28,15.6,8.6,21.2,0,,18,17.3,40,1030.2,896
2020-05-29,14.8,6.4,21.8,0,,38,12.6,35.6,1026.7,878
2020-05-30,15.2,7.3,21.4,0,,36,15.5,47.2,1023.2,771
2020-05-31,14.8,9.1,20.5,0,,30,14.4,39.2,1021.9,703
2020-06-01,17.6,7.5,25.8,0,,38,12.2,32,1021,901
2020-06-02,19.2,9.5,27.3,0,,33,8.3,28.4,1016,840
2020-06-03,17.5,11.2,28.1,2.3,,289,7.9,43.6,1004.5,480
2020-06-04,13.5,10.7,16.1,4.3,,251,8.6,33.1,996.4,7
2020-06-05,10.3,6.9,13.9,6.6,,226,16.9,60.1,997.6,50
2020-06-06,10.9,5,16.7,3.4,,206,13.7,49,1002.5,281
2020-06-07,12.8,5.4,19,0,,231,11.9,40,1008.2,537
2020-06-08,13.7,5.7,20.4,0,,301,7.6,29.5,1013.6,483
2020-06-09,14.5,7.3,20.2,0.1,,33,9.4,38.2,1015.9,260
2020-06-10,14.5,12.4,18.3,4.1,,11,9.7,23,1014.5,0
2020-06-11,14.7,12,18.1,0.5,,15,7.9,29.5,1010.6,15
2020-06-12,20,11.7,27.6,0,,47,12.2,34.9,1007.4,609
2020-06-13,22,15.8,29,5.6,,280,13.7,42.1,1009.2,775
2020-06-14,18,15.7,21.2,0.3,,252,13.3,39.2,1012.7,71
2020-06-15,16.9,15.5,20.3,4.6,,252,9.4,27,1016.4,0
2020-06-16,16.3,13.9,18.7,2.4,,191,5.8,20.9,1015.8,6
2020-06-17,16.8,12.3,24.4,18.8,,20,9.4,47.2,1011.5,186
2020-06-18,17,11.6,21,0,,213,9.7,29.9,1012.1,157
2020-06-19,17.5,9.6,23.7,0,,249,12.6,38.2,1015.5,678
2020-06-20,18.2,11.8,24.1,0,,268,9.4,33.8,1019.8,518
2020-06-21,18.7,8.5,25.9,0,,272,7.6,28.8,1020,791
2020-06-22,18.3,12.3,23.4,0,,287,9.7,27,1023.3,368
2020-06-23,19.3,10.1,26.1,0,,45,7.6,26.3,1024.7,922
2020-06-24,20.5,11.5,27.1,0,,43,13,35.3,1022.5,858
2020-06-25,20.8,13.3,26.4,0,,40,11.5,33.8,1018.7,659
2020-06-26,21.7,13.1,29,0,,98,9,26.6,1013,790
2020-06-27,22.2,15.2,28.1,1.4,,208,13.3,42.5,1011.1,364
2020-06-28,19.2,13.2,22.4,0,,215,14.8,46.8,1013.6,59
2020-06-29,16.4,10.7,23.6,1,,216,14,63.7,1012.9,479
2020-06-30,16.8,8.2,23.9,0,,221,20.2,51.5,1011.4,577
2020-07-01,20.5,13.9,27.8,3.5,,207,16.6,46.1,1008.4,339
2020-07-02,18.1,12.6,25.3,4.5,,244,11.5,58,1011.6,433
2020-07-03,16.8,10.7,24.2,0,,238,11.9,34.6,1017.5,622
2020-07-04,19.3,10.9,25.8,0,,220,18.4,47.9,1016.6,353
2020-07-05,21.8,17.6,27.8,0,,220,23.8,59,1012.7,250
2020-07-06,15.4,8.5,21.6,0,,252,18.7,57.2,1016.4,224
2020-07-07,15.6,6.4,22.4,0,,241,10.8,37.8,1019.8,617
2020-07-08,14.5,11.8,16.6,3.5,,240,8.6,22.7,1016.9,0
2020-07-09,20.5,14.9,28.5,0.1,,216,13.3,42.8,1013.4,298
2020-07-10,18.2,11.3,22.6,0,,275,13.7,46.4,1012.5,162
2020-07-11,15.4,9.5,21.4,0,,343,7.9,26.3,1023.2,408
2020-07-12,16,7.3,22.9,0,,36,9,25.6,1026.4,600
2020-07-13,18.5,8.4,27.2,0,,72,7.2,27,1021.8,900
2020-07-14,18.5,9.9,27.9,1.5,,279,8.3,40,1014.3,485
2020-07-15,17,12.8,22.8,0.1,,268,10.4,32,1013.6,310
2020-07-16,15,13,17.9,1.8,,246,6.8,23.8,1017.2,0
2020-07-17,17.3,12,22.8,0,,4,6.5,20.9,1020.1,201
2020-07-18,20,13.3,27.3,0,,60,5.4,30.6,1018.9,615
2020-07-19,21,10.9,29.3,0,,136,6.5,24.1,1015.6,522
2020-07-20,18.1,12.4,25.3,0.3,,347,8.6,31.7,1017.6,147
2020-07-21,17.6,9.1,25.5,0,,352,9.4,33.5,1021.9,822
2020-07-22,17.7,7.5,25.5,0,,43,8.3,37.1,1021.1,864
2020-07-23,19.6,10.7,26.9,0,,48,8.3,28.4,1016.1,862
2020-07-24,21.2,13.2,28.2,0,,268,12.2,50.8,1011.5,343
2020-07-25,21.2,13.1,27.8,2.5,,240,11.5,40,1012,401
2020-07-26,20,12.6,25.4,0.8,,240,14.4,43.6,1011.7,429
2020-07-27,20.3,10.3,28.8,0,,126,9.4,37.4,1013.6,345
2020-07-28,21,13.7,28,0,,246,14,47.5,1011.6,436
2020-07-29,18.5,9.5,25.6,0,,248,11.9,34.9,1019,823
2020-07-30,20.4,9.5,29.5,0,,36,6.8,26.3,1019.6,862
2020-07-31,24.4,13.4,34.2,0,,38,7.9,22.7,1016.5,860
2020-08-01,23.8,15.7,31.8,0.3,,356,8.3,43.2,1013.6,484
2020-08-02,21.7,14.7,26.6,0.6,,307,10.4,43.2,1013.1,328
2020-08-03,17.9,12.2,22.7,0.7,,15,8.3,31.3,1012.3,173
2020-08-04,18.2,11.2,26,0,,337,9,44.3,1015.3,653
2020-08-05,19.4,8.3,28.1,0,,103,7.6,36,1017.8,842
2020-08-06,22,11,31,0,,69,6.1,30.6,1019.7,841
2020-08-07,24.5,13.1,34.1,0,,36,6.1,23.4,1019.5,832
2020-08-08,26.7,16.2,36,0,,66,5.4,22.7,1018.4,703
2020-08-09,25.3,18.1,36.4,0,,10,8.3,59,1016.5,491
2020-08-10,24.5,19,30.3,0,,19,13.3,32.8,1014.8,255
2020-08-11,24,19.4,35,29,,34,11.5,74.9,1015.5,571
2020-08-12,22.9,18.8,31.4,36,,20,11.5,56.9,1015.1,284
2020-08-13,22.2,19.3,26.1,0.3,,113,7.9,27,1013,82
2020-08-14,20.8,18,23.8,21.9,,185,7.6,29.5,1013.5,112
2020-08-15,20.1,16.7,27.2,2.8,,24,5.8,28.1,1014.3,147
2020-08-16,22.6,16.6,29.7,8.3,,53,9.7,62.6,1011,562
2020-08-17,19,16.1,23.8,2,,127,7.9,44.3,1010.4,93
2020-08-18,19.2,14.3,25.4,2.2,,259,9.7,33.8,1011.2,527
2020-08-19,19.6,11.3,27.1,0,,121,6.1,21.6,1010.4,654
2020-08-20,22.9,17.3,30.1,0,,74,6.5,27.7,1009.3,413
2020-08-21,24.6,17.8,31,0.9,,284,9.4,33.1,1010.3,223
2020-08-22,21.4,16.1,25.9,0,,223,15.5,47.5,1015.2,342
2020-08-23,18.4,14.9,23.5,0,,246,15.8,54.7,1016.8,389
2020-08-24,16.9,13.9,21.2,0,,233,15.1,38.9,1016.4,211
2020-08-25,18.2,12.3,22.8,0,,176,11.2,38.9,1011.3,303
2020-08-26,18.6,14.1,21,0.2,,238,32.8,81.7,1010.5,13
2020-08-27,17,10.2,22.6,2.6,,202,7.9,25.9,1015,427
2020-08-28,17.1,11.2,22.4,0,,227,10.8,51.8,1003.5,187
2020-08-29,14.4,8.5,19.2,0.5,,185,6.5,29.2,1005.5,188
2020-08-30,14.3,9.9,20.1,8.7,,354,6.8,29.9,1009.4,2
2020-08-31,14.5,12.5,18.1,12.3,,54,6.1,34.2,1017.2,54
2020-09-01,14.3,10.4,19.1,0,,21,7.9,28.4,1018,202
2020-09-02,14.6,8.3,20.8,0,,274,5.4,14.8,1018.4,435
2020-09-03,13.3,7.1,19.6,2.6,,232,7.6,42.8,1021.1,72
2020-09-04,18.8,14.3,24.3,0,,240,6.5,34.9,1020.8,39
2020-09-05,15.3,9.5,19.8,0,,278,10.1,37.1,1018,177
2020-09-06,12.6,5.2,19.2,0,,251,6.8,23,1020.3,398
2020-09-07,13.6,5.9,22,0,,280,5,22,1024.1,653
2020-09-08,15.8,6.7,25,0,,235,7.9,35.6,1025.9,726
2020-09-09,18,10.2,25.1,0,,292,8.3,34.2,1021.8,424
2020-09-10,17,10.7,21.1,0,,12,10.1,27.4,1020.8,563
2020-09-11,15,6.4,23.9,0,,297,5.8,28.1,1017.8,690
2020-09-12,17.3,8,27.4,0,,317,7.6,37.1,1019.5,667
2020-09-13,17.7,9.1,27,0,,94,5,16.9,1025.7,684
2020-09-14,19.6,10.5,29.6,0,,51,6.8,28.4,1024.9,649
2020-09-15,20.3,11.7,30.2,0,,57,4.7,13,1020.4,623
2020-09-16,20.6,10.9,30.4,0,,302,9,39.6,1018.9,422
2020-09-17,15.4,10.5,20.7,0,,26,18.4,36.4,1025.8,565
2020-09-18,15,8.7,23.4,0,,45,13.3,29.9,1024.5,682
2020-09-19,14.4,5.6,23.7,0,,33,9,22.7,1019.5,675
2020-09-20,15.3,7,24.1,0,,35,10.4,29.2,1016.7,652
2020-09-21,15.5,7.7,24.5,0,,42,5.8,18.4,1015.6,676
2020-09-22,16.2,7.4,26.4,0,,72,5.4,28.8,1010.6,662
2020-09-23,17.7,10.6,25.7,2,,197,9.7,37.8,1006,452
2020-09-24,16.1,11.7,20.4,1.1,,189,16.6,56.9,1003.8,456
2020-09-25,11.5,8,13.6,0.2,,192,16.9,49.7,998.8,66
2020-09-26,9.3,7.2,10.9,9.6,,209,10.4,36.4,997.7,0
2020-09-27,9.4,7.1,11.9,0,,145,8.6,27,1003.3,2
2020-09-28,10.7,6.2,14.7,0,,177,6.5,22.7,1011.2,26
2020-09-29,11,5.2,13.6,0.3,,209,5.8,17.3,1016.9,0
2020-09-30,11.9,10.2,14.9,0,,170,6.1,18.4,1015.9,58
2020-10-01,12.1,7.8,17.2,2.9,,99,7.9,30.2,1005.1,64
2020-10-02,14.6,8.9,20.5,0,0,54,13.3,34.6,994.8,211
2020-10-03,12.4,7.8,16.6,2.1,0,75,14,50,991.4,44
2020-10-04,11.1,8.4,14.5,0.4,0,157,20.2,57.2,997.1,83
2020-10-05,10.8,8,12.7,3.4,0,168,14.8,49,1003.2,34
2020-10-06,11.7,10.3,14.2,2,0,190,19.1,47.5,1003.2,27
2020-10-07,11.3,7.9,14.6,0.9,0,225,16.9,43.2,1011.9,70
2020-10-08,12,6.8,15.8,2.8,0,199,16.2,45.4,1017.5,0
2020-10-09,12.2,8.3,14.6,8,0,234,8.3,34.6,1018,0
2020-10-10,8.9,3.7,13.1,1,0,238,13.7,40,1020.3,264
2020-10-11,8.3,3.8,12.4,0,0,241,10.8,28.4,1019.9,333
2020-10-12,8.6,3.9,13,0.1,0,250,8.6,26.3,1019.4,117
2020-10-13,7,3.2,10.8,0.1,0,40,5.8,18.7,1015.1,36
2020-10-14,7.6,4.7,10.5,3.3,0,5,10.8,36,1015.3,0
2020-10-15,8.4,7.3,9.2,0,0,3,16.2,33.1,1017.4,0
2020-10-16,8.4,4.7,11,0,0,11,15.1,38.5,1020.6,26
2020-10-17,6.3,1,11,0,0,261,4.3,11.5,1020.7,11
2020-10-18,5.5,-0.3,10,0,0,215,7.6,19.8,1023.1,83
2020-10-19,8,1.5,13.2,0,0,142,5.4,23.4,1022.3,271
2020-10-20,7.1,0.3,11.5,5.5,0,87,7.2,27.7,1014.7,88
2020-10-21,13,9.2,17.5,0.8,0,126,9.7,37.8,1008.9,82
2020-10-22,14.9,10,19.9,1.1,0,197,10.4,36.7,1013.2,281
2020-10-23,13.7,9.4,15.6,3.5,0,187,8.6,23.8,1012.5,8
2020-10-24,12.3,8.6,16.1,0,0,186,15.1,54.7,1014.5,85
2020-10-25,11.8,9.6,16,4.8,0,161,14.8,38.5,1007.1,126
2020-10-26,9.2,5.9,11,0.7,0,189,10.8,38.9,1004.7,0
2020-10-27,8.8,6.1,11.6,0.1,0,168,16.9,41,1008.4,54
2020-10-28,11.2,8.8,14.5,1.9,0,185,20.2,48.6,1010,89
2020-10-29,10,7.8,12.3,6.1,0,221,19.8,46.4,1016.3,228
2020-10-30,12.6,10.4,14.1,0.2,0,218,16.6,38.2,1021,0
2020-10-31,12.3,10.2,14.9,3.6,0,169,10.1,31,1021.4,159
2020-11-01,13.3,10.4,15.8,0.5,0,158,10.8,34.9,1014.8,0
2020-11-02,17.5,11.7,21.3,0.3,0,200,23.4,62.3,1012.4,136
2020-11-03,10.2,5.5,12.7,0,0,230,13.7,37.4,1023.4,143
2020-11-04,5.7,0.8,10.7,0,0,266,5.8,16.9,1032.6,362
2020-11-05,3.1,-2,10,0,0,50,4,14.4,1039,497
2020-11-06,3.6,-1,10.6,0,0,51,6.1,16.2,1034.4,458
2020-11-07,3.4,-1.9,10.4,0,0,45,7.2,14.8,1027.7,459
2020-11-08,5.1,-0.1,10.6,0.2,0,31,5.4,14,1025.4,224
2020-11-09,7.1,2.2,12.7,0,0,42,5,13,1025.2,273
2020-11-10,3.3,0.4,5.3,0,0,94,6.1,13.7,1028.2,0
2020-11-11,6,4.4,7.4,0,0,129,5.8,19.4,1026.7,0
2020-11-12,7.4,2.5,12.5,0.1,0,143,8.6,27,1020.9,65
2020-11-13,7.1,3.3,10.2,0.4,0,183,4.3,15.8,1020.2,0
2020-11-14,9.6,5.4,13.9,0,0,156,5,20.9,1018.8,72
2020-11-15,11.5,7.6,14.6,2.3,0,145,13,41,1011.3,358
2020-11-16,9.7,6.3,11.8,0.9,0,213,19.1,47.9,1015.9,27
2020-11-17,10,6.9,11.8,0,0,200,13.7,33.8,1026.2,0
2020-11-18,9.7,4,13,0.6,0,170,9,25.2,1024.8,277
2020-11-19,7.2,2.3,10.4,0.8,0,244,13.7,50,1022.7,145
2020-11-20,2.1,-2.3,5.9,0,0,248,9.4,28.4,1034.9,3
2020-11-21,1.5,-1.9,5.6,0,0,193,7.2,22.3,1033.8,156
2020-11-22,4.4,2.6,6.2,0,0,130,5.8,15.5,1028,0
2020-11-23,5.6,1.2,9.2,0,0,212,6.5,18.7,1029,237
2020-11-24,3.8,2.6,4.6,0,0,153,7.6,20.2,1026.4,0
2020-11-25,3.6,1.1,5,0,0,145,9.7,25.2,1021.5,0
2020-11-26,1.8,1.2,2.3,0,0,142,7.9,18.7,1023.6,0
2020-11-27,2.4,0.9,3.4,0,0,77,5.4,16.2,1022,0
2020-11-28,1.4,-0.3,2.7,0,0,39,14.8,34.2,1022.9,0
2020-11-29,-0.5,-4.6,2.1,0,0,40,10.1,30.2,1027.1,98
2020-11-30,-2.5,-7.6,1.5,8.3,0,166,5.8,20.9,1025.4,364
2020-12-01,0.3,-0.4,0.9,0.3,40,119,5,15.1,1017.1,0
2020-12-02,0.8,0.1,1.3,0.1,0,355,4.7,16.2,1017.8,0
2020-12-03,0.9,0.1,2,0,0,146,12.2,33.1,1003.8,0
2020-12-04,3,0.7,6,5.4,0,130,12.2,42.1,990.6,8
2020-12-05,1.5,0,2.9,1.5,0,86,5.4,19.1,999.4,0
2020-12-06,3,1.8,3.7,3.1,0,3,6.8,22.3,999.5,0
2020-12-07,3.4,2.2,5.1,1.1,0,189,9.4,22.3,1000.3,4
2020-12-08,2.3,-1.3,4.8,0,0,56,7.6,18.4,1004.4,181
2020-12-09,0.9,-1.8,2.8,0,0,25,4.3,10.1,1009.9,0
2020-12-10,0.8,0.2,1.8,0,0,181,7.9,20.2,1008.3,0
2020-12-11,2,0.6,3.3,0.2,0,133,10.8,31.7,999.3,3
2020-12-12,3.7,2.8,4.5,0,0,125,6.5,22.3,999.6,0
2020-12-13,5.1,2.4,7.7,0,0,182,5.4,20.2,1011.3,6
2020-12-14,4.8,2.6,7.9,1.6,0,142,11.5,33.1,1012.8,60
2020-12-15,5.5,2.5,6.8,1.5,0,110,6.1,22.3,1013.4,0
2020-12-16,7,4.5,8.9,0,0,82,5,18.7,1018.4,0
2020-12-17,5.1,1,9.1,0.1,0,124,7.6,30.6,1021.7,89
2020-12-18,3.5,0.5,5.4,0,0,247,5.4,25.2,1024.6,0
2020-12-19,4.4,1.3,7.2,0.6,0,99,9.4,31.7,1019.5,346
2020-12-20,4.3,3.5,4.8,0.7,0,123,7.6,19.4,1021.3,0
2020-12-21,5.8,3.4,8.3,3.4,0,162,11.5,39.2,1020,0
2020-12-22,11.6,8.3,14.4,14.2,0,203,16.6,47.9,1013.9,12
2020-12-23,10.8,9.3,11.9,9.4,0,182,10.4,47.2,1011.9,0
2020-12-24,5.8,2.8,9.4,2,0,245,13.7,41,1010.2,28
2020-12-25,1.8,-3.1,4.5,0,0,308,9.7,28.8,1021.6,293
2020-12-26,0.8,-3.4,3.1,0,0,198,13.7,40.7,1023,0
2020-12-27,0.9,-0.4,2.2,1.3,0,162,25.9,57.6,995.6,0
2020-12-28,3.4,0.8,5.1,0.1,0,154,11.2,32,980.5,34
2020-12-29,2.3,1.2,4.7,0.6,0,191,11.2,37.1,989.5,39
2020-12-30,2.4,0.6,4.7,0,0,202,9.4,31.3,1002.7,39
2020-12-31,1.3,0,2.3,5.2,0,144,9.4,27.4,1005,0
2021-01-01,0.9,-0.1,2.4,0,0,254,4.3,11.9,1008.8,0
2021-01-02,0.6,-1.1,2.1,0,0,256,5.8,28.4,1014.2,0
2021-01-03,1.5,0.3,2.3,0.1,0,22,15.8,35.6,1012.8,0
2021-01-04,0.8,0.2,1.1,0,0,27,14.8,26.3,1015.1,0
2021-01-05,1.1,0.2,1.8,2,0,27,19.8,38.9,1014.9,0
2021-01-06,1.9,0.5,3.2,0,0,354,9.7,25.9,1014,0
2021-01-07,0.7,0.1,1.8,3.1,0,224,13,28.8,1013.3,0
2021-01-08,0.6,-0.3,1.8,0,10,237,10.4,26.6,1014.8,26
2021-01-09,0.3,-0.7,1.7,0,0,325,5.4,16.6,1023.1,6
2021-01-10,-0.7,-3.5,1.6,0,0,215,5.8,14,1025.3,0
2021-01-11,-1.5,-5.5,2.1,1.1,0,190,12.2,37.1,1021.6,75
2021-01-12,1.9,-0.8,4,1,0,222,19.8,47.5,1010.4,0
2021-01-13,1.2,-0.5,3.6,0.6,0,235,18.7,47.2,1015.5,76
2021-01-14,0.5,-1.2,2.9,0,0,357,9.4,38.2,1019,19
2021-01-15,-0.2,-2.4,0.9,0,0,358,10.4,28.4,1025.7,0
2021-01-16,-1.2,-2.4,-0.1,1.4,0,236,10.1,20.9,1025.8,0
2021-01-17,-1.3,-2.8,1.5,0.2,20,174,6.8,17.3,1019.8,0
2021-01-18,2.3,0.7,3.8,0.3,0,227,18,35.6,1023.1,0
2021-01-19,3.3,0.9,5.1,3,0,203,22.3,45,1013.5,0
2021-01-20,4.5,0.1,8.1,0,0,167,11.5,34.6,1005,56
2021-01-21,7.6,5.8,10.5,3.8,0,176,24.1,63.7,995.9,8
2021-01-22,4.9,1.2,10.1,0.9,0,202,14.8,68.8,994.1,0
2021-01-23,2.2,0.3,4.2,3,0,143,7.9,26.3,997.1,2
2021-01-24,0.5,-1.5,2.2,4.5,0,245,12.2,42.1,997.3,44
2021-01-25,-0.6,-2.4,1.5,1.1,10,33,5.4,21.6,1005.3,5
2021-01-26,1.1,-0.7,3.1,0.1,10,234,16.9,38.5,1016,14
2021-01-27,0.7,-1.3,2.3,0.7,0,186,11.2,31,1015,0
2021-01-28,3,1.6,4.8,25.2,0,111,6.8,23,1005,0
2021-01-29,5.9,2.5,9.6,11.2,0,259,16.6,58,997.3,33
2021-01-30,2.1,-0.8,7.6,0.6,0,25,20.2,47.2,1001.5,0
2021-01-31,-0.9,-3.6,1,3.1,0,53,12.6,28.8,1002.9,81
2021-02-01,1.4,-0.3,3.3,2.6,0,31,7.6,19.1,996.3,0
2021-02-02,5.2,3.2,8.4,7,0,195,8.6,24.5,1002.4,0
2021-02-03,8.3,6.1,10.8,8.6,0,183,12.6,47.2,999.7,13
2021-02-04,6,1.5,10,0,0,232,13.3,39.6,1013.5,226
2021-02-05,3.8,1.2,5.7,12.3,0,40,6.5,15.5,1013.8,0
2021-02-06,2.5,-0.3,4.7,11.2,0,35,19.1,41.8,1009.3,0
2021-02-07,-3.1,-6.4,-0.2,0.8,0,30,19.8,33.8,1000.6,0
2021-02-08,-7.3,-9,-6.4,0.3,20,26,17.6,29.5,1001.1,0
2021-02-09,-10.1,-13.8,-7.6,0,30,24,8.6,20.2,1007.3,260
2021-02-10,-9.6,-14.7,-4.5,0,30,21,13.3,38.2,1013,384
2021-02-11,-5.2,-9.7,-1.6,0,30,24,8.3,26.3,1028.8,299
2021-02-12,-7.2,-9.9,-3.3,0,30,33,18.4,39.2,1034.4,489
2021-02-13,-7.2,-11.4,-2.3,0,10,29,14,27.7,1040.8,541
2021-02-14,-6.9,-13.7,1.2,0,10,42,7.9,16.2,1041.2,530
2021-02-15,-2.4,-7.6,0,1.9,10,112,10.1,32.8,1030.9,0
2021-02-16,2.8,-0.2,7.3,3,10,156,5.4,24.1,1019.7,147
2021-02-17,5.2,1,9.3,0,10,215,11.5,38.2,1018.7,53
2021-02-18,4.7,-1.5,9.1,1.1,0,82,8.3,50.8,1015.3,99
2021-02-19,4.7,0.4,9.7,0,0,204,8.6,25.9,1018.8,211
2021-02-20,6.3,-1.1,14.5,0,0,89,6.5,27,1017.9,453
2021-02-21,7.6,0,16.2,0,0,54,7.2,27.4,1017.8,571
2021-02-22,4.4,-1.4,9.8,0,0,74,7.2,19.8,1023.8,361
2021-02-23,8.7,2.9,16.4,0,0,91,6.1,19.8,1032.7,426
2021-02-24,9.8,2.8,16.4,0,0,72,5.4,19.1,1032.3,465
2021-02-25,8.9,1.7,16.6,0,0,76,5,17.6,1028.5,535
2021-02-26,4.6,1.5,7.5,5.5,0,345,7.2,34.9,1032.5,56
2021-02-27,2.8,-3.4,7.8,0,0,39,9,36.7,1039.3,505
2021-02-28,5.1,-0.2,10.1,0,0,29,13,26.3,1036.9,598
2021-03-01,4.2,-0.1,9.2,0,0,29,15.1,33.1,1034.2,384
2021-03-02,4.7,-1.2,13.7,0,0,48,9,22.3,1032.9,466
2021-03-03,4.8,-1.9,12.4,0,0,58,4.3,13.7,1029,313
2021-03-04,5.7,1.6,10.8,4.8,0,277,7.9,33.8,1019.9,33
2021-03-05,2.2,-3.4,5.2,0,0,359,13,41.4,1026.8,238
2021-03-06,0.1,-5.4,6.3,0,0,33,6.1,20.9,1033.1,619
2021-03-07,0.5,-6.1,8,0,0,34,6.8,33.5,1025,624
2021-03-08,0.8,-4.4,5.9,0,0,246,5.8,15.1,1022.8,27
2021-03-09,2.2,-1.2,4.9,0.1,0,250,9,29.2,1019.2,0
2021-03-10,5.7,2.3,8.4,0.4,0,216,12.6,50.8,1017.6,4
2021-03-11,8.1,5.6,12.9,7.9,0,206,28.4,70.2,1003.1,150
2021-03-12,6.6,3.9,10,1.6,0,228,31.7,71.6,1007.7,228
2021-03-13,5.9,2.7,8.8,5.6,0,215,29.9,86,1000.4,90
2021-03-14,3.8,1.2,7.1,3.1,0,240,17.3,42.1,1009.7,103
2021-03-15,4.5,1.6,9.3,0.6,0,252,15.5,51.1,1012.5,212
2021-03-16,4.5,1.3,9,0,0,260,13,34.6,1021.6,135
2021-03-17,2.3,-2.7,5,0.1,0,353,8.6,31.7,1024.3,13
2021-03-18,1.6,-3.5,7.6,4,0,300,7.2,40,1023,322
2021-03-19,1.8,-0.1,5.8,0,0,11,15.5,52.6,1022.6,239
2021-03-20,2.3,-1.9,6.4,0,0,45,9,25.6,1027.7,428
2021-03-21,5.2,3.1,8.4,0,0,281,16.9,46.1,1020.9,150
2021-03-22,5.1,2.9,8.2,0,0,314,10.8,29.9,1023.4,5
2021-03-23,5.7,-0.2,10.2,0,0,229,8.3,24.5,1026.2,54
2021-03-24,6,-3.2,14.2,0,0,120,5.8,24.1,1024.2,666
2021-03-25,7.8,0.1,15.4,0,0,35,7.2,32.4,1020.6,409
2021-03-26,10.2,5.6,15.8,0.8,0,184,11.5,37.8,1018.4,353
2021-03-27,5.8,1.4,11.4,3.2,0,230,23.4,88.6,1021.9,290
2021-03-28,7.6,0.7,14,0,0,,12.2,48.2,1029.1,204
2021-03-29,12.3,4.1,19.9,0,0,210,11.2,33.5,1030.6,699
2021-03-30,12.2,1.5,23.4,0,0,47,4.3,16.2,1030.9,712
2021-03-31,13.4,2.2,23.6,0,0,90,5.4,18.4,1023.1,711
2021-04-01,13,4.9,22.8,0,0,20,11.5,41.4,1019.2,477
2021-04-02,7.4,4.9,12.6,0,0,6,15.1,44.6,1022.6,369
2021-04-03,6,1,11.2,0,0,348,11.9,37.1,1025.2,598
2021-04-04,4,-1.9,10.1,0,0,251,10.1,31,1022.7,359
2021-04-05,2,-0.8,5.2,3.6,0,250,19.8,59,1010.1,163
2021-04-06,0.5,-2.7,5.9,3.4,0,255,21.2,60.5,1011.7,253
2021-04-07,0.9,-2.1,4.1,2.3,0,244,22,52.6,1016.8,7
2021-04-08,2.9,-1.3,8.4,0,0,229,13.3,36,1023.8,226
2021-04-09,6.9,-2.5,15,7.8,0,211,8.6,45,1015.7,552
2021-04-10,7.6,5.7,9.2,4.7,0,89,6.5,21.6,1012.8,0
2021-04-11,6.8,2.6,12.6,12,0,275,7.9,30.6,1011.9,1
2021-04-12,3.1,-2.3,7.7,0.4,0,279,11.2,48.2,1026.4,410
2021-04-13,2.3,-3.8,8.9,0,0,290,7.6,40.3,1031.6,360
2021-04-14,2.4,-3.3,8,0,0,15,9.4,38.5,1030.2,378
2021-04-15,3.3,-2.9,9.2,0,0,19,10.4,36.4,1029.1,452
2021-04-16,5.1,1.2,8.6,0,0,355,8.6,33.8,1026.4,7
2021-04-17,6.4,3.2,9.5,0,0,4,10.4,38.5,1023.6,113
2021-04-18,7.9,5.1,12.2,11.8,0,355,5.4,28.4,1020.9,56
2021-04-19,8.3,3.6,13.5,0,0,16,10.4,28.8,1019.6,245
2021-04-20,9.8,0.6,17.4,0,0,122,6.1,31.3,1017.1,738
2021-04-21,9.4,3,16.7,1.3,0,302,8.6,36.4,1016.6,142
2021-04-22,7.4,1.7,13.3,0,0,358,11.9,32.8,1023.8,719
2021-04-23,7.3,-0.3,15.3,0,0,40,8.3,27,1027.5,793
2021-04-24,7.9,1.2,14,0,0,32,12.6,32.8,1025.4,679
2021-04-25,6.5,1.2,11.6,0,0,25,16.2,37.4,1024.7,800
2021-04-26,6.6,-1.7,13,0,0,36,12.6,40,1019,805
2021-04-27,8.5,0.3,15.1,0,0,31,13,28.1,1010.3,808
2021-04-28,11.3,1.3,19.9,12.5,0,64,11.2,54.7,1004.3,669
2021-04-29,9.7,3.5,15.8,1,0,229,19.1,67.3,1005.5,403
2021-04-30,7.6,1.7,12.7,0,0,203,6.8,20.2,1012.8,73
2021-05-01,9.5,3.1,13.6,0,0,309,7.6,27,1012.6,272
2021-05-02,6.8,0.2,10.7,0,0,291,12.6,37.1,1017.2,97
2021-05-03,7.5,-1.5,14,0.1,0,226,13.7,43.6,1019.2,541
2021-05-04,9.4,2.3,14.4,1,0,200,29.5,81,1003.6,49
2021-05-05,5.2,0.9,11,5.2,0,239,19.1,74.2,1006.8,345
2021-05-06,6.4,1.8,12.3,8,0,214,13,36,1007.6,186
2021-05-07,6,-0.3,11,0.6,0,254,14,40.3,1014.4,345
2021-05-08,9.3,-1.6,15.3,0,0,140,9.7,36.7,1016.3,486
2021-05-09,18.4,7.2,27,0.4,0,126,13.7,56.5,1006.8,744
2021-05-10,15.7,12,20.1,7.6,0,159,9,39.6,1007.5,33
2021-05-11,13.3,10.9,16.8,1.3,,264,8.6,28.1,1008.4,11
2021-05-12,12.7,9.4,16.2,0.1,0,250,9.7,26.6,1010.8,59
2021-05-13,12.6,6.8,18.8,0,0,240,7.9,31.7,1007.3,289
2021-05-14,12.4,7.6,17.8,0.3,0,224,12.2,43.9,1007.7,483
2021-05-15,10.5,6.5,15.3,0.7,0,198,12.6,41,1005.7,76
2021-05-16,10.4,6.7,16.5,11.9,0,208,13.7,53.6,1003.1,180
2021-05-17,9.9,5.9,15.8,12.3,0,213,12.6,48.6,1005.6,171
2021-05-18,9.3,4.7,13.3,9.2,0,242,12.6,46.4,1013.4,278
2021-05-19,9.6,2.4,17.1,0,0,235,10.1,37.1,1017.1,366
2021-05-20,12.4,7.3,17.6,0,0,230,12.2,37.1,1018.8,317
2021-05-21,13.3,8.2,17.4,2.7,0,197,23.8,73.8,1007.1,265
2021-05-22,10.3,4.9,15.5,9.1,0,204,23,71.6,1007.3,226
2021-05-23,10.2,3.5,16.1,0,0,233,16.6,54,1014.6,341
2021-05-24,11.8,5,19.4,0.4,0,167,14.8,50.4,1012,493
2021-05-25,8.8,7,12.6,16.3,0,214,20.9,76,1014.7,124
2021-05-26,9,5.4,13.2,6.6,0,219,12.2,40,1013.4,122
2021-05-27,10,7.3,13.4,2.8,0,241,18,39.2,1017.7,32
2021-05-28,12.8,8.1,17.9,0,0,355,9,28.4,1022.9,445
2021-05-29,12.8,5.7,19,0,0,33,10.4,31.3,1024.8,738
2021-05-30,13.5,5.3,20.2,0,0,36,11.5,35.3,1026.1,731
2021-05-31,15,7.2,21.9,0,0,47,9,28.1,1021.7,813
2021-06-01,16.3,6.5,23.4,0,,43,8.6,27.7,1017.6,887
2021-06-02,17.8,8.8,25.7,0,,89,7.2,40.3,1016.2,831
2021-06-03,18.4,9.6,26.5,1.7,,64,7.2,37.4,1020,393
2021-06-04,19,14.4,26.7,3.4,,288,6.8,31.3,1020.2,351
2021-06-05,18.9,15.5,23.3,0,,255,10.8,32,1019.3,352
2021-06-06,16.8,14.8,19,0,,300,10.1,22.7,1021.4,0
2021-06-07,16.7,14.9,20.1,0.8,,5,10.4,25.6,1021.9,0
2021-06-08,18.7,15,22.8,0,,9,8.6,20.5,1021.6,259
2021-06-09,20,14.2,26.4,0.4,,338,6.5,33.1,1020.4,495
2021-06-10,20.1,12.9,26.4,0,,345,5.8,25.9,1019.8,707
2021-06-11,20.6,12.1,27.4,0,,267,8.3,28.8,1018.4,831
2021-06-12,18.2,9.8,23.6,0,,266,14,47.2,1019.5,547
2021-06-13,15.8,7.3,22.9,0,,35,7.9,22.3,1026,893
2021-06-14,18.4,8.5,27.2,0,,108,6.8,21.6,1021.4,915
2021-06-15,19.9,10.8,27.8,0,,30,7.9,27.7,1018.3,620
2021-06-16,22.2,14.6,29.8,0,,66,9,28.4,1014.5,758
2021-06-17,24.7,15,32.2,0,,85,10.1,32,1012.1,904
2021-06-18,25.4,16.9,32.9,0.3,,43,7.2,28.4,1012.2,786
2021-06-19,25.2,18.7,31.3,4.5,,204,8.3,25.9,1012.4,843
2021-06-20,23.2,18.8,28,5.1,,187,11.9,60.1,1007.9,567
2021-06-21,19.5,14.5,25.5,0,,202,16.6,43.9,1007.7,483
2021-06-22,14.7,12.5,19.6,5.5,,15,15.1,38.2,1014.7,24
2021-06-23,17.4,12.3,23.7,0,,26,11.2,32,1018.3,180
2021-06-24,16.4,13.5,19.1,8.5,,23,9,27,1018.2,11
2021-06-25,17.5,11.6,22.4,0,,271,8.3,27.7,1018,355
2021-06-26,18.3,9.9,25.3,0,,54,5.4,22,1018.4,637
2021-06-27,21.1,13.2,28.4,0,,52,8.6,30.6,1015.4,463
2021-06-28,22.1,14.8,28.9,1.6,,48,7.9,41.4,1013.6,442
2021-06-29,18.8,14,25.5,10,,155,9.4,64.4,1011.3,129
2021-06-30,16.3,13.7,20.8,1.6,,229,13.3,34.6,1011.5,74
2021-07-01,13.7,12.3,15.6,6,,237,15.1,35.3,1015.3,0
2021-07-02,16.3,11.4,22.7,0,,250,9.7,31,1017.4,387
2021-07-03,18.9,9.1,26.2,0.1,,193,6.1,21.6,1015.1,761
2021-07-04,17.8,13.3,25.5,9.5,,42,6.8,53.6,1010.6,129
2021-07-05,17.1,11.8,21.1,5.7,,176,9.4,33.8,1010,23
2021-07-06,17.4,14.4,20.1,5.8,,164,10.8,41.8,1009.8,88
2021-07-07,18.6,12.8,25,0,,113,7.6,32.8,1016.5,498
2021-07-08,17,12.5,25.1,7.4,,357,6.8,38.2,1019.8,64
2021-07-09,16.8,13.2,20.2,2.2,,291,7.6,30.6,1020.1,48
2021-07-10,18,12.5,24.9,8.5,,92,5.4,36.4,1016.9,113
2021-07-11,17.1,13.2,21.1,3.5,,262,8.6,29.5,1016,167
2021-07-12,19,12.1,25.2,6,,49,8.6,25.6,1011.5,283
2021-07-13,18.7,16.8,23.2,0.6,,33,8.6,27,1008.6,39
2021-07-14,16.4,15.3,17.1,6.1,,172,10.8,29.5,1009.8,0
2021-07-15,18.1,14.6,24.2,4.6,,95,5.8,31.3,1013,214
2021-07-16,18.4,14.2,23.2,0,,334,8.6,28.1,1019.7,60
2021-07-17,21.5,14.7,28.8,0,,334,11.2,37.1,1021.7,699
2021-07-18,21.1,12,28.2,0,,329,11.2,31,1020.9,879
2021-07-19,18.2,12.4,24,0,,7,12.2,39.6,1020.1,390
2021-07-20,17,10.7,23.4,0,,13,8.6,24.8,1020.4,626
2021-07-21,17.6,8.9,24.5,0,,25,7.9,27.4,1022.7,820
2021-07-22,18.4,12.2,23.9,0,,14,4.7,20.9,1020.9,226
2021-07-23,19.6,10.5,27,0,,38,6.1,21.2,1015.8,645
2021-07-24,19.1,15.1,25.4,1.2,,23,10.4,31.7,1009.9,300
2021-07-25,18.9,13.1,26.5,0.1,,309,5.8,31.3,1009.5,320
2021-07-26,19.2,13.1,26.4,0,,313,7.6,41.4,1011.3,430
2021-07-27,17.9,13.4,24.1,24.5,,226,7.2,49.3,1013.1,270
2021-07-28,18.1,12.2,23.1,0.5,,194,15.5,50.4,1012.2,408
2021-07-29,17.6,11.7,22.7,0,,225,16.9,50.8,1012.7,377
2021-07-30,18.7,10.2,26.3,0,,214,11.2,39.6,1009.5,664
2021-07-31,17.6,11.8,22.9,0,,223,19.1,51.1,1009.5,515
2021-08-01,17.1,12.1,23.7,0.1,,246,13,40.7,1009.7,425
2021-08-02,15.6,12.7,20.6,5.6,,225,11.2,29.2,1013.8,164
2021-08-03,14.7,11.2,19.6,11.8,,181,5.8,31.3,1013.6,91
2021-08-04,16.6,13.3,22.1,0,,194,6.5,28.4,1012.8,306
2021-08-05,17.4,12.2,23.8,8.1,,110,6.1,33.5,1009.1,352
2021-08-06,17.8,13.9,22.7,1.3,,177,15.8,51.8,1005.6,161
2021-08-07,17.1,12.9,22.7,8,,158,11.5,39.6,1005.2,115
2021-08-08,15.2,10.6,20.6,3.9,,203,15.8,59.8,1011.8,337
2021-08-09,15.5,9.1,22.1,0,,181,9.7,43.6,1017.7,260
2021-08-10,16,10,22.6,5.9,,283,6.8,34.9,1017.7,278
2021-08-11,17.9,12.9,25.4,0,,357,5,24.5,1019.6,463
2021-08-12,19.9,12.8,27.2,0,,67,4.7,16.2,1019.8,557
2021-08-13,20.7,13.8,29.5,0,,245,7.6,31,1020.7,560
2021-08-14,20.4,12.1,28.7,0,,268,8.3,35.6,1019.9,759
2021-08-15,19.5,11.5,27.1,0,,254,6.5,31,1014.3,606
2021-08-16,15.7,10.4,20.3,3.2,,234,20.2,56.2,1012.5,198
2021-08-17,13.3,10.6,16.6,3,,225,17.6,43.9,1018.1,72
2021-08-18,15.6,13.1,19.1,0.7,,218,14.8,43.2,1016,18
2021-08-19,17.3,14,20.7,0,,230,13.7,38.2,1014.8,4
2021-08-20,16.6,11.8,22.3,0,,246,6.8,33.5,1017.4,158
2021-08-21,18.8,11.4,25.6,3,,55,5.4,23.4,1017.7,487
2021-08-22,17,13.1,20.4,10.3,,200,9,55.1,1016.3,164
2021-08-23,16.1,11.8,20.5,0,,303,10.1,40,1021.5,195
2021-08-24,14.6,9,20.7,0,,29,13,32.4,1025.9,550
2021-08-25,15.7,8.7,23,0,,12,8.3,23,1020.8,683
2021-08-26,15.7,11,21.1,0.2,,275,13.3,35.3,1013.2,243
2021-08-27,14,10.2,18.5,0.6,,264,13.3,37.8,1015.4,68
2021-08-28,14,9.5,18,7.7,,295,6.1,22,1017.5,33
2021-08-29,14.9,13.4,17.1,1.8,,274,8.3,23.4,1016.4,1
2021-08-30,16.8,14.6,18.7,0,,343,14.4,41,1017.3,6
2021-08-31,16.2,10.7,21.3,0,,326,10.4,31,1022.9,368
2021-09-01,14.1,8.1,19.9,0,,27,6.5,21.6,1027.2,275
2021-09-02,15.5,8.4,23.2,0,,35,7.9,27,1025.9,662
2021-09-03,17.1,10.3,25,0,,37,5.4,17.3,1020.5,745
2021-09-04,17.6,10.2,24.7,0,,27,9,26.3,1017.7,737
2021-09-05,17.4,10.5,25.4,0,,27,7.9,24.1,1020.6,736
2021-09-06,18.3,9.9,26.8,0,,26,5.4,22.7,1023.2,643
2021-09-07,17.7,11.7,24.1,0,,27,6.5,20.2,1023.1,299
2021-09-08,18.2,11.2,26.1,0,,48,8.3,27.4,1017.3,724
2021-09-09,19.3,11.4,27.9,0,,102,9.4,35.6,1012.2,444
2021-09-10,18.7,15.5,22.4,9.6,,103,5.8,25.9,1014.3,26
2021-09-11,18,12.3,22.9,0.7,,222,7.6,25.6,1017.1,176
2021-09-12,16.5,10.9,22.2,0,,226,8.6,29.5,1018.1,526
2021-09-13,15.2,8.7,21.9,0,,20,5.4,19.1,1018.3,648
2021-09-14,17.9,11.2,24.8,0,,50,5.4,17.6,1015,505
2021-09-15,18.3,15.5,21.6,3.9,,196,7.9,26.6,1011.9,0
2021-09-16,15.3,10.5,18.2,0,,261,10.1,28.1,1016.2,43
2021-09-17,13.7,8.8,19.6,0,,234,7.2,19.4,1016.6,23
2021-09-18,13.9,9.2,20.8,0,,35,6.5,22.7,1016.6,276
2021-09-19,12.9,10.3,15.8,0,,26,13,31,1016.3,0
2021-09-20,11.6,9.5,14.2,0,,24,10.8,24.1,1021.2,0
2021-09-21,10.1,4,16.4,0,,17,6.1,22.7,1029.3,176
2021-09-22,11.5,4.6,20,0,,212,4.7,20.5,1028.5,586
2021-09-23,13.4,5,22,0.1,,220,12.6,44.3,1019.6,432
2021-09-24,16.2,10.5,21.1,0,,226,13.7,37.8,1017,151
2021-09-25,14.8,8.4,22.5,0.7,,142,5,22.3,1017.1,528
2021-09-26,16.6,11.2,22.1,0.2,,131,6.5,23.4,1016.6,296
2021-09-27,16.1,11.9,21.2,1.9,,165,10.1,42.5,1017.5,60
2021-09-28,12.3,8.5,17.8,0,,212,6.1,17.6,1022.9,426
2021-09-29,10.7,6,18,2.7,,179,12.6,62.3,1019.6,280
2021-09-30,9.6,4,15.6,0,,206,9.4,34.6,1026.7,444
2021-10-01,10.9,3.5,17.8,0.3,,163,7.6,33.5,1019.5,567
2021-10-02,14.5,8.5,19.3,0.3,,172,11.2,38.2,1011.1,78
2021-10-03,17.4,11.4,21.3,0.6,,164,18.7,64.4,1005.5,0
2021-10-04,12.2,8.8,15.9,1.7,,162,7.6,26.6,1017.7,50
2021-10-05,11.7,9.1,15.9,2.7,,111,11.9,35.3,1010.7,82
2021-10-06,10.9,9.1,13.3,1,0,195,15.1,45.4,1017.4,34
2021-10-07,10.5,7.1,15.5,0,0,134,5.4,18.4,1027.7,188
2021-10-08,10,4.8,15.7,0,0,37,10.8,38.2,1030.4,424
2021-10-09,9.8,3.9,15.9,0,0,38,10.2,,1029.3,613
2021-10-10,6.5,0.6,15.3,0,0,56,5.1,,1027.9,539
2021-10-11,7,1,14.1,0.9,0,252,8.5,26.3,1025.9,84
2021-10-12,8.6,2.9,12.4,0.6,0,245,12.6,32.4,1020.2,4
2021-10-13,7.2,2,10.9,0.5,0,238,11.2,28.1,1025.1,121
2021-10-14,10.3,7.9,13.1,0,0,220,12.6,25.6,1024.6,0
2021-10-15,8.4,2.9,12.6,0.1,0,220,8.3,32.4,1019.1,1
2021-10-16,5.6,1.4,13.3,0,0,299,3.6,15.1,1022.7,310
2021-10-17,7.2,2,13.4,0,0,104,5,17.6,1022.1,282
2021-10-18,5.8,0.7,9.9,1.2,0,99,5.4,25.9,1025.5,0
2021-10-19,9.1,5.3,12.3,1.1,0,123,4.7,16.6,1021.4,0
2021-10-20,13,6.5,16.8,2,0,174,9.7,34.2,1009.5,17
2021-10-21,10.4,2.9,15.5,5.8,0,212,33.8,90.7,1003.9,172
2021-10-22,6.5,2.3,10.8,1.3,0,229,19.8,54.4,1018.4,288
2021-10-23,5.8,-0.1,11,0,0,266,6.1,16.2,1028.5,151
2021-10-24,4.6,-0.7,12.7,0,0,59,7.9,26.6,1026.7,474
2021-10-25,4.3,-1.9,11.6,0.5,0,188,3.6,15.8,1021.6,179
2021-10-26,9.6,6.3,15.7,0,0,197,11.2,37.1,1022.6,305
2021-10-27,9.9,5.9,15.2,0.1,0,155,5.4,15.5,1025.2,66
2021-10-28,6.5,4.2,8,0,0,85,8.3,25.9,1020.7,0
2021-10-29,8.2,4.7,12.4,0,0,122,9,29.9,1013.6,193
2021-10-30,6.1,2.2,8.9,2,0,80,7.6,25.6,1008.7,0
2021-10-31,12.7,7.3,16.3,0.8,0,110,11.2,51.5,1005.6,86
2021-11-01,9.8,4.9,13,0.5,0,170,13,35.3,1002.6,73
2021-11-02,7.4,5,10.6,2.9,0,177,6.1,30.2,1002,65
2021-11-03,6.8,4.9,7.8,6.2,0,82,6.5,19.4,1001.4,0
2021-11-04,6.9,5.6,8,0.1,0,242,10.4,32,1006,0
2021-11-05,7,4.3,9.8,0.2,0,232,10.8,25.2,1022.5,33
2021-11-06,6.5,4,10.2,0,0,199,12.2,35.3,1028.3,196
2021-11-07,7.5,5.3,9.2,0.3,0,214,20.2,40,1018.4,6
2021-11-08,7.1,4.1,9.3,0.3,0,217,8.6,22.3,1023.5,34
2021-11-09,6.2,0.1,10.6,0,0,77,5,21.6,1028,410
2021-11-10,1.5,-2.8,7,0,0,19,4,10.1,1026.3,249
2021-11-11,-0.3,-2.4,2.5,0,0,244,3.6,10.1,1025.9,0
2021-11-12,1.2,0.4,1.9,0,0,150,6.8,25.2,1020.9,0
2021-11-13,3.2,1.2,5.3,2.1,0,111,8.3,22.3,1015.9,0
2021-11-14,7.2,5.1,8.7,0,0,21,15.1,33.5,1022.1,5
2021-11-15,5.9,5,7.1,0,0,33,14.8,29.2,1025.3,0
2021-11-16,4.8,4.3,5.5,0.1,0,354,6.8,21.6,1022.9,0
2021-11-17,5.2,3.8,6.5,0.5,0,215,10.4,25.6,1023.3,1
2021-11-18,5.6,3,8.3,0,0,212,12.6,28.8,1029.9,62
2021-11-19,8.1,6.3,9.2,0,0,217,13.7,30.2,1030.4,0
2021-11-20,8.1,4.3,10,0,0,191,7.2,20.5,1024.7,0
2021-11-21,5.8,3.6,6.6,0.3,0,233,7.9,24.5,1013.6,1
2021-11-22,3.7,-2.7,7.2,0,0,12,11.2,36,1024.2,160
2021-11-23,0.6,-4.5,4.7,0,0,230,5.8,19.8,1030.6,213
2021-11-24,2.9,-1.4,7.2,0,0,73,5,19.4,1022.7,129
2021-11-25,2.2,-0.1,4.1,0,0,243,6.5,17.3,1011.9,2
2021-11-26,2.5,1.4,3.9,2.9,0,175,12.6,38.5,998.9,0
2021-11-27,1.6,-1.9,4,1.6,0,182,9.7,29.5,991.3,23
2021-11-28,1.1,-0.4,2.8,0,0,16,4,13.7,997.8,0
2021-11-29,0.9,-0.9,2.2,0.3,0,233,11.5,29.5,1007.7,34
2021-11-30,4.1,1.6,6.7,5.5,0,218,27.7,47.2,1008.5,0
2021-12-01,6.4,3.1,8.9,6.7,0,209,27,57.6,997.9,4
2021-12-02,2.1,-0.6,4.2,1.5,0,249,11.5,33.1,1002.4,44
2021-12-03,0.5,-3.1,3,0.2,0,196,15.8,41.8,1011.1,20
2021-12-04,2,0.4,4.2,2.8,0,151,10.8,28.8,999.4,0
2021-12-05,3.2,1.6,5,0,0,148,9,27,1004.9,8
2021-12-06,2,0.2,5.2,4.8,0,106,6.8,27,1013.5,188
2021-12-07,1.9,0.2,5.1,0.7,10,180,12.2,33.1,1008.7,138
2021-12-08,2.6,1.2,4.3,0,0,140,10.1,38.5,1001.2,0
2021-12-09,2.1,-0.1,3.6,0.3,0,206,9.7,33.1,1005.7,7
2021-12-10,2.2,1.1,3.3,0.1,0,120,8.6,24.5,997.7,163
2021-12-11,1.8,0.2,3.1,0.5,0,231,7.9,25.6,1015.6,84
2021-12-12,2.4,-0.2,4.2,0,0,163,6.8,20.9,1025.9,0
2021-12-13,5.5,4.1,6.7,0.1,0,123,3.6,10.4,1028.9,0
2021-12-14,6.2,5.5,7.3,0.1,0,234,5.8,15.8,1028.8,0
2021-12-15,6.2,5.2,7.5,0,0,133,5,14,1032.8,0
2021-12-16,6.5,4.9,8.5,0,0,126,3.6,10.8,1037.4,0
2021-12-17,6.3,1.1,8,0,0,345,5,15.5,1039.6,0
2021-12-18,3.7,0.6,5,0,0,243,5.4,13.3,1038.4,0
2021-12-19,5.3,4.1,6.8,0,0,250,11.2,33.8,1029.7,34
2021-12-20,1.6,-3.8,5.3,0,0,2,6.8,19.1,1027.8,415
2021-12-21,-3.1,-6.3,1.3,0,0,42,4.3,11.2,1027.6,419
2021-12-22,-5.3,-7.4,-2.1,0,0,30,5.8,13.7,1026.9,201
2021-12-23,-2.1,-6.8,4.6,1.1,0,138,6.8,31.7,1014.6,0
2021-12-24,6.5,4.3,8.6,1.8,0,215,16.9,33.1,1005.3,0
2021-12-25,-0.7,-3.9,5.3,3.4,0,14,20.9,41.8,1008.6,0
2021-12-26,-2.7,-4.3,-0.4,1.9,20,25,12.6,24.1,1009.5,0
2021-12-27,1.4,-0.4,5.2,1.7,0,40,5.4,17.6,1003.6,0
2021-12-28,7.1,5.2,9.6,13.2,0,161,12.6,38.2,997,5
2021-12-29,8.1,7,10.2,4.4,0,207,15.1,36,1007,1
2021-12-30,11.5,9.2,14,2.4,0,218,16.9,40.7,1017.1,8
2021-12-31,11.5,10.2,13.8,0.1,0,207,16.2,35.6,1021.3,250
2022-01-01,10.3,7,12.2,0,0,195,9.7,27.4,1025.5,1
2022-01-02,8.3,6.1,11.9,0.7,0,187,13.3,59.4,1017,123
2022-01-03,8.6,6.4,10.9,11.3,0,225,25.2,63,1011.9,169
2022-01-04,6.3,5.2,8,8,0,211,10.4,32.8,999,0
2022-01-05,3,0.8,5.9,0.5,0,233,20.9,57.6,1005.9,10
2022-01-06,1.4,-3.3,5,0,0,250,9.7,28.4,1018.6,392
2022-01-07,0.4,-3.2,2.4,3.5,0,166,10.1,29.9,1015.3,0
2022-01-08,0.9,-1.3,2.5,8.2,0,188,12.6,38.2,1008.9,74
2022-01-09,2.2,-0.7,5,2.8,0,208,15.5,43.2,1000.7,13
2022-01-10,0.9,-1.3,4.5,0,0,228,7.9,19.1,1022.1,245
2022-01-11,0.7,-1.4,4.2,0,0,223,4.3,10.4,1034.7,141
2022-01-12,-0.2,-2.7,2,0,0,239,8.3,20.5,1039.8,25
2022-01-13,0.1,-0.7,1.2,0,0,218,9.7,20.5,1041.6,0
2022-01-14,-0.6,-1.9,0.7,0,0,169,6.5,16.9,1036.6,0
2022-01-15,0.9,0.6,1.3,0,0,92,5.4,14.8,1030.4,0
2022-01-16,1.5,0.4,3,0.3,0,204,15.8,35.3,1026.6,0
2022-01-17,4.6,2.4,6.8,0,0,244,17.6,44.6,1032.1,0
2022-01-18,5,2.4,6.7,0,0,59,5.4,19.1,1037.6,0
2022-01-19,3,1.7,4.7,0.3,0,182,16.2,39.2,1026.5,19
2022-01-20,1.7,-0.3,4.1,1,0,263,15.8,41.4,1025.7,158
2022-01-21,1.6,-1.5,4.3,0.1,0,247,15.8,37.1,1032.1,64
2022-01-22,4.6,3.5,5.9,0,0,257,15.5,48.2,1032.7,0
2022-01-23,4.3,2.9,5.4,0,0,335,5.8,15.8,1035.8,3
2022-01-24,3.8,2.9,4.5,0,0,125,7.6,20.2,1035.2,0
2022-01-25,2,1.1,3,0,0,199,4.7,17.6,1033.9,0
2022-01-26,1,0,1.7,0,0,251,11.9,32.4,1032.4,0
2022-01-27,2.5,0.3,5.5,2.8,0,218,21.6,51.1,1026.1,0
2022-01-28,3.4,1.2,6.1,0.1,0,257,13.3,40,1032.4,240
2022-01-29,5.6,3.2,9.5,2.7,0,216,23.4,50.4,1025.7,0
2022-01-30,4.5,-0.1,7.6,1.3,0,257,19.4,56.2,1026.2,29
2022-01-31,2.9,0.5,4.6,3.6,0,236,21.6,58.7,1011.1,13
2022-02-01,3.7,1.3,7.6,0.3,0,243,21.6,55.1,1015.6,0
2022-02-02,5.2,0.1,8.3,0.6,0,271,16.9,60.1,1018.2,159
2022-02-03,5.3,1.7,8.5,0,0,176,9.7,33.8,1018,0
2022-02-04,5.5,1.8,7.5,0.9,0,211,20.2,60.8,1012.8,0
2022-02-05,3.5,1.2,6.7,0.5,0,216,23.8,46.4,1020.8,253
2022-02-06,4.9,2.2,6.3,18.8,0,217,31.7,74.2,1007.8,0
2022-02-07,3.1,0.8,6.5,0.6,0,254,21.6,65.5,1020.7,273
2022-02-08,5.6,1.6,8.1,0,0,204,14.8,38.9,1029.2,0
2022-02-09,7.8,2.5,10.3,0,0,208,11.5,33.5,1026.9,9
2022-02-10,3.6,-0.4,7.6,5,0,234,8.3,33.5,1021.6,4
2022-02-11,2.9,-2.1,5.7,0.6,0,266,15.1,45.7,1028.5,146
2022-02-12,-0.2,-5.2,4.9,0,0,97,6.5,26.3,1030.7,368
2022-02-13,2.4,-4.6,8.5,0,0,175,7.2,29.9,1016.9,498
2022-02-14,6.7,1.9,11.3,0.2,0,158,14,42.5,1006.2,26
2022-02-15,5.3,0.7,8.6,0.9,0,209,15.5,43.2,1011.8,221
2022-02-16,8.6,4.8,12.9,17.7,0,189,25.2,70.2,1002.2,0
2022-02-17,9.1,5,12.6,0.7,0,242,38.5,96.8,1004.7,167
2022-02-18,7.6,3.1,12.5,4,0,197,26.3,102.2,1005,0
2022-02-19,5.2,3.3,7.9,1.4,0,221,34.2,75.6,1013.4,271
2022-02-20,7.5,4.6,10.3,11.5,0,213,31.7,75.2,1009.1,0
2022-02-21,4.9,2,10.3,2.7,0,231,36,93.6,1003,249
2022-02-22,5.5,2,8,2.4,,234,20.9,45.7,1018.2,73
2022-02-23,6,2.1,10.7,0,0,217,12.2,31.3,1025,567
2022-02-24,5.5,1.6,10.3,3.1,0,218,16.2,83.2,1014.4,25
2022-02-25,1.8,-0.3,6.5,5.1,0,224,18,52.6,1023.7,73
2022-02-26,2.3,-2.4,7.5,0,0,343,7.6,26.6,1034.5,474
2022-02-27,1.9,-2.9,7.8,0,0,52,10.1,37.1,1034.1,580
2022-02-28,2,-4,10.2,0,0,51,6.8,20.5,1033,594
2022-03-01,2.1,-3.2,6.7,0,0,63,6.5,25.9,1030.7,458
2022-03-02,2.7,-2.1,9.7,0,0,50,6.1,23,1024.7,468
2022-03-03,2.3,-4.8,9.7,0,0,25,9.7,25.9,1020.3,603
2022-03-04,0.3,-3.6,5.8,0,0,25,13.7,31.7,1022.5,485
2022-03-05,1,-5.1,7.1,0,0,49,7.9,25.2,1022.8,529
2022-03-06,0.8,-3.3,5,0,0,29,13.7,42.8,1025,419
2022-03-07,1.2,-1.6,5.5,0,0,50,14.4,36.7,1026.7,480
2022-03-08,2.5,-4.6,9.4,0,0,58,10.4,40.7,1024.4,625
2022-03-09,2.9,-4.8,11.8,0,0,61,7.2,23,1025.3,629
2022-03-10,5.1,-3.5,14.2,0,0,57,9,29.2,1025.6,635
2022-03-11,5.4,-0.2,11.2,0,0,66,11.9,30.6,1020.7,627
2022-03-12,6.5,1,12.9,0,0,99,8.3,22.3,1020.2,582
2022-03-13,5.9,-2.2,14,2.8,0,63,8.6,23.8,1017.7,583
2022-03-14,6.9,3.4,12,2.3,0,113,10.1,40.7,1026,92
2022-03-15,3.8,0.9,6.2,11.5,0,15,6.8,16.9,1026.6,0
2022-03-16,5.8,0.4,12.1,0,0,43,9.4,24.8,1025.9,211
2022-03-17,7.5,3,9,0.5,0,1,9.4,34.9,1029.2,0
2022-03-18,6.4,0.5,12.3,0,0,31,16.9,46.4,1041.4,602
2022-03-19,6.1,2.3,11.1,0,0,36,20.9,74.5,1039.4,560
2022-03-20,8.1,2.3,14.5,0,0,71,15.5,41.8,1030.3,462
2022-03-21,8.5,0.1,15.4,0,0,67,6.5,18,1032.5,482
2022-03-22,8.5,-0.6,17.6,0,0,42,6.1,18.7,1032.2,682
2022-03-23,8.9,-0.6,18.9,0,0,135,3.6,14.4,1030.6,683
2022-03-24,9,0,18.5,0,0,86,4.3,18.4,1028.6,676
2022-03-25,9.5,2.4,16.2,0,0,28,10.8,33.5,1029,673
2022-03-26,9.5,0.3,17.3,0,0,32,9.4,32,1030.6,678
2022-03-27,10.8,3.1,18,0,0,,6.8,24.8,1029.5,686
2022-03-28,11.4,2.7,20,0,0,255,7.9,34.9,1021.4,596
2022-03-29,10.2,6.1,15.1,3.1,0,27,7.6,29.2,1011,42
2022-03-30,7.3,4.1,11.4,0.6,0,27,13.7,33.1,1003.3,290
2022-03-31,3.4,0.9,6.1,1,0,20,15.1,33.8,999.3,41
2022-04-01,0.2,-0.7,1.5,5.6,0,5,19.4,38.9,1004.6,0
2022-04-02,0.6,-1.3,2.8,0,50,3,18,46.8,1015,115
2022-04-03,1.5,-3.1,6.4,0,0,340,7.9,36,1021.7,418
2022-04-04,2.8,-2.5,7.3,1.8,0,211,25.2,69.5,1013.6,139
2022-04-05,7.8,4.8,10.6,4.7,0,220,25.2,49,1006.8,1
2022-04-06,9.6,7.5,11.9,1,0,217,24.8,56.5,1003.5,27
2022-04-07,9.9,4.2,12.8,6.7,0,214,35.3,85.3,991.5,125
2022-04-08,4.1,1.9,6.2,3.6,0,208,16.2,56.2,999.1,42
2022-04-09,4.4,0.1,9.3,0.1,0,249,17.6,70.6,1011,330
2022-04-10,4.2,-0.8,9.8,0,0,246,12.6,46.8,1020.7,460
2022-04-11,6.8,-1.5,14,0,0,77,9.4,34.2,1018.6,719
2022-04-12,11.9,2.1,20.4,0,0,73,10.8,33.8,1013.4,521
2022-04-13,15.3,6.9,23,0,0,39,6.1,24.1,1015.4,485
2022-04-14,13.9,8,18.5,0,0,2,7.9,23.8,1020.5,174
2022-04-15,10.4,4.7,16.3,0,0,4,11.9,45.4,1025.9,661
2022-04-16,9.4,3.5,13.2,0,0,37,17.6,45.7,1031.5,592
2022-04-17,8.5,-0.3,15.6,0,0,40,10.4,30.2,1027.7,777
2022-04-18,9.6,0.6,17.4,0,0,22,7.2,20.2,1019,787
2022-04-19,10,1.4,17,0,0,33,11.9,36.7,1014.3,784
2022-04-20,9.4,1.5,16.3,0,0,33,14,37.8,1015.4,761
2022-04-21,9.2,3.3,15.8,0,0,29,14.8,41,1011.7,213
2022-04-22,11.7,7.3,17.5,0,0,34,22,47.9,1005.6,490
2022-04-23,12,7.9,14.8,0,0,43,18,38.2,1004.4,89
2022-04-24,10.5,6.9,13.6,0,0,27,17.6,43.9,1002.4,33
2022-04-25,9.4,5.2,13.4,7.4,0,9,8.6,33.8,1010.6,96
2022-04-26,8.1,5.1,9.7,13.1,0,2,9,31.7,1016.6,0
2022-04-27,10.2,1.5,17.7,0,0,18,7.6,24.8,1024.1,715
2022-04-28,12.3,4.8,19.9,0,0,23,7.2,28.8,1027.9,696
2022-04-29,12.5,6.2,19.7,1.5,0,38,7.9,41.4,1026.3,268
2022-04-30,8.4,7.1,9.8,2.2,0,359,12.2,32.8,1024.5,0
2022-05-01,11.3,7.6,15.5,0,0,11,10.4,27.4,1021.8,76
2022-05-02,13.7,7.1,19.9,0,0,14,9.4,32.8,1017.4,471
2022-05-03,14.1,10.4,19.3,0,0,19,11.2,32.4,1016.2,227
2022-05-04,13.8,9,19.4,0,0,4,9,23.8,1016.9,300
2022-05-05,13.8,8.4,17.9,0,0,19,6.5,22.3,1021,176
2022-05-06,13.4,5,20,0,0,32,7.2,31.3,1024.2,753
2022-05-07,14.1,5.2,21.8,0,0,30,6.5,29.2,1022.9,561
2022-05-08,14.6,9.1,19.9,0,0,27,13.7,36.4,1024.7,638
2022-05-09,15.7,7.4,23.8,0,0,43,6.8,22.7,1024.8,827
2022-05-10,17,8,25.1,0,0,146,7.6,33.5,1018.8,454
2022-05-11,20.4,11.9,28.1,0,0,199,17.3,56.2,1011.7,675
2022-05-12,17.3,9.7,22.3,0,0,244,14,42.1,1016.8,636
2022-05-13,14.1,8,20.2,0,0,250,13.3,44.6,1020,767
2022-05-14,15.4,5.6,24.3,0,0,237,8.6,30.2,1020.9,790
2022-05-15,17.4,8.8,25.1,0,0,43,8.3,24.8,1018.8,853
2022-05-16,16.8,10.5,25.6,1.9,0,41,9.4,34.2,1016.8,287
2022-05-17,16.6,9.2,23.8,0,0,214,6.8,20.9,1021.1,279
2022-05-18,20.7,13.9,27.7,0,0,77,7.9,27.4,1021.5,714
2022-05-19,19.5,12.8,29.3,12,0,85,9.4,69.1,1019.9,571
2022-05-20,17.9,12.8,24,5.1,0,198,9.7,64.1,1018.1,165
2022-05-21,14.5,9.5,19,0,0,254,14.8,38.9,1021.1,410
2022-05-22,15.7,8.8,22.6,0,0,27,5.8,37.1,1015.2,706
2022-05-23,16.9,10.9,23.6,7.2,0,74,12.2,56.2,1003.7,149
2022-05-24,14,8.6,17.8,6.8,0,232,14,53.3,1007.6,394
2022-05-25,14,6.4,19.8,0,0,224,13.7,40.3,1016.1,679
2022-05-26,16.4,12.8,20.9,0,0,225,17.3,38.5,1020.5,186
2022-05-27,14.9,8.5,19.2,3.3,,252,20.2,54.4,1020,364
2022-05-28,12.1,5.6,17.6,0,,270,16.6,40.7,1019.1,617
2022-05-29,9.9,3.6,16.4,0,,305,8.6,31,1013.9,447
2022-05-30,10.5,5.5,15.5,0,,24,6.5,23.8,1013.4,216
2022-05-31,12.4,4.9,20.5,1,0,22,7.6,41.8,1013.3,479
2022-06-01,13.4,6.4,20.2,0,0,265,11.5,39.2,1015.4,537
2022-06-02,13.5,4.1,20.4,0,0,16,7.9,25.6,1020.5,882
2022-06-03,18.3,9.5,25.8,0,0,22,12.2,28.4,1016.9,561
2022-06-04,20,13.9,25.4,0,0,27,11.5,38.2,1017.9,594
2022-06-05,17.7,14.1,22,0.5,0,43,11.9,28.8,1014.7,43
2022-06-06,17.6,11,23.2,0,0,217,17.3,57.2,1015.2,447
2022-06-07,16.6,9.8,24.4,3.9,0,223,11.5,42.5,1013.8,376
2022-06-08,15.4,11.2,22.6,3.6,0,167,8.6,38.2,1009.5,134
2022-06-09,15.2,10.3,20.1,0,0,235,12.6,33.5,1015,395
2022-06-10,16.5,8.1,24.3,0,0,227,7.2,31,1022.7,490
2022-06-11,19.3,11.3,27.4,0,0,222,7.2,31,1022.1,387
2022-06-12,20,11.5,26.5,0,0,259,11.2,38.2,1020.4,896
2022-06-13,15.5,7.9,21.3,0.2,0,290,12.6,38.9,1021.2,385
2022-06-14,16.5,6,25.1,0,0,355,5.8,22.7,1021.3,921
2022-06-15,21,10.5,29.6,0,0,17,8.6,32,1016.8,910
2022-06-16,21.1,12.9,27.6,0,0,0,11.5,43.9,1019.3,702
2022-06-17,20.3,8.5,28.9,0,0,184,6.1,27.4,1023.3,858
2022-06-18,24.9,12,34.4,0,0,198,7.2,30.6,1016.2,820
2022-06-19,25.2,17.4,33.2,4.2,0,360,14.4,45.7,1007.9,648
2022-06-20,14.7,8.7,18.5,4.5,0,320,9.7,52.6,1014.1,215
2022-06-21,16.4,6.8,23.6,0,0,21,7.9,28.1,1014.2,598
2022-06-22,21,11.8,28.8,0,0,26,8.6,28.8,1011.1,904
2022-06-23,23.2,12.1,31.5,5.8,0,69,9,33.5,1010.8,816
2022-06-24,19.2,15.7,24.9,8.3,0,192,11.2,38.9,1008.5,167
2022-06-25,19.9,14.1,26.6,0,0,131,6.5,22.7,1012.5,447
2022-06-26,20.7,15.3,26.5,7.7,0,273,9,33.8,1013.8,320
2022-06-27,18.8,12.4,23.6,0,0,248,13.7,37.1,1016.2,230
2022-06-28,18.2,9.7,25.6,0,0,349,7.6,24.8,1020.3,832
2022-06-29,21.9,15.9,28.8,0,0,19,8.6,23.8,1013.3,429
2022-06-30,23.5,15.9,31.5,0.6,0,62,10.1,49.7,1010.5,688
2022-07-01,16.3,11.5,22,0.6,0,237,11.2,40.3,1018.7,276
2022-07-02,19,8.7,26.7,0,0,96,7.9,33.8,1021.1,915
2022-07-03,21.4,11.1,29.5,0,0,268,11.5,40,1017,904
2022-07-04,19.9,13.8,25.9,0,0,286,10.8,31,1019.2,893
2022-07-05,19.5,10.7,26.7,0,0,288,9.4,40.7,1020.8,719
2022-07-06,16.8,11.6,21.1,0,0,290,10.1,32.8,1023.6,449
2022-07-07,16.8,11.5,21.5,1.3,0,258,16.6,46.8,1021.8,140
2022-07-08,17.2,9.3,24.1,0,0,294,10.1,28.8,1029.1,391
2022-07-09,17.6,10.7,25.4,1.7,0,264,10.8,35.3,1025.5,303
2022-07-10,15.2,10.9,19.9,0,0,283,12.6,35.3,1024.4,65
2022-07-11,17.9,13.6,21.9,0,0,290,9.7,26.6,1023,150
2022-07-12,21,10.7,29.5,0,0,295,7.6,24.5,1023.8,802
2022-07-13,24,16.7,33.2,0.1,0,271,10.1,43.9,1020,264
2022-07-14,20.9,14.5,26.9,0,0,310,11.2,45.4,1018.1,359
2022-07-15,16.9,9.3,23.1,0,0,327,8.6,31.7,1021.2,444
2022-07-16,17.4,7.7,25.2,0,0,274,11.5,45.4,1022.7,559
2022-07-17,19,7.9,27.8,0,0,29,6.1,29.9,1025.8,844
2022-07-18,23.4,11.5,33.7,0,0,105,5.4,27.4,1022.4,883
2022-07-19,26.5,13.1,36.8,0,0,76,7.9,30.2,1017.6,895
2022-07-20,24.7,15.9,38.4,8.9,0,37,12.2,54.4,1015.4,660
2022-07-21,20.5,17.2,27.4,0,0,238,13.3,40,1019,230
2022-07-22,21.3,16,28.3,0,0,267,9.6,29.9,1018.5,630
2022-07-23,21.4,15.1,28.4,0,0,336,10.3,29.9,1017.6,624
2022-07-24,22.3,13.3,32.1,0,0,52,3.6,30.6,1018.7,846
2022-07-25,23.8,14.6,34.4,0.4,0,33,12.6,51.1,1010.5,636
2022-07-26,20,14.6,25.6,0,0,269,13.7,38.2,1015.3,411
2022-07-27,17.8,11.5,22.9,0,0,7,11.9,31.3,1018.1,379
2022-07-28,19.1,10.1,26.3,0.6,0,24,13.3,31.7,1016.4,491
2022-07-29,20.4,14.7,27.7,0.7,0,15,10.4,42.8,1015,393
2022-07-30,20.1,12.3,27.6,0,0,288,9.4,39.6,1017.4,478
2022-07-31,21.7,13,29.7,0,0,267,9.4,39.6,1016.2,250
2022-08-01,22.1,15.6,27.8,0,0,260,11.2,28.8,1016.4,248
2022-08-02,22,12.5,29.9,0,0,241,7.2,36,1017.4,777
2022-08-03,25.1,13.8,34.5,0,0,29,5.4,27,1014.8,842
2022-08-04,27.7,17.1,37.5,3.8,0,18,7.9,32.4,1012,639
2022-08-05,20.9,13.8,25.2,0.5,0,303,13.7,51.1,1016.4,234
2022-08-06,16.8,8.3,23.7,0,0,6,10.8,36,1025.5,796
2022-08-07,18.6,9.1,26.4,0,0,32,10.8,31.3,1023.1,846
2022-08-08,21.2,11.7,29.2,0,0,26,11.5,32.4,1022.8,841
2022-08-09,22.5,14,30,0,0,21,12.6,34.2,1024.7,832
2022-08-10,23.1,14.3,30.6,0,0,25,13.7,35.3,1023.7,836
2022-08-11,23.5,13.9,31.4,0,0,34,12.2,42.5,1020.7,830
2022-08-12,23,13.5,30.7,0,0,40,13.3,38.5,1018.2,815
2022-08-13,23.5,14.2,31.3,0,0,39,11.2,36.4,1015.5,804
2022-08-14,24.3,16,32.5,0.1,0,55,8.6,32.8,1009.4,690
2022-08-15,21.9,16.6,26.9,0.3,0,236,11.5,32.8,1005,174
2022-08-16,21.3,13.1,29.8,0,0,105,5.7,23.8,1009,780
2022-08-17,21.5,14.5,29.4,0.1,0,85,7.1,32,1010.7,414
2022-08-18,21.4,16.6,26,0.3,0,335,5.5,19.8,1011.9,48
2022-08-19,22.9,16.9,28.6,0,0,298,10.1,30.2,1012.5,444
2022-08-20,21.5,16.5,27.5,0.1,0,257,11.2,34.6,1015.6,468
2022-08-21,20.2,11.2,27.8,0,0,254,7.9,28.8,1015.8,687
2022-08-22,22.1,12.8,30.7,0,0,59,7.9,31.3,1014.4,612
2022-08-23,23.1,14.8,31,0,0,86,7.2,24.5,1015.8,641
2022-08-24,23.8,14.2,32.3,0,0,35,9.7,30.2,1017.8,745
2022-08-25,23.3,15.4,30.7,0,0,45,7.6,29.5,1015.5,564
2022-08-26,21.4,14.8,31.5,12.7,0,309,9.4,79.6,1013,273
2022-08-27,19.9,16.5,23.5,0,0,340,10.8,31,1014.8,7
2022-08-28,19.3,14,25.5,0,0,13,12.2,29.5,1018,641
2022-08-29,17.7,10.1,25,0,0,31,9,25.9,1020.2,760
2022-08-30,20.2,12.4,28.1,0,0,23,11.9,29.2,1019.1,564
2022-08-31,18.9,13,24.3,0,0,27,15.1,30.2,1020.2,332
2022-09-01,17.9,10.5,25.4,0,0,39,10.8,28.4,1019.5,273
2022-09-02,19,14.2,25,0,0,50,10.8,40,1015.7,440
2022-09-03,16.4,10.6,22.1,0,0,53,7.6,22,1013.7,49
2022-09-04,18.3,10.4,26.9,0,0,74,6.1,28.1,1018.6,426
2022-09-05,20.6,11.9,30,0,0,70,6.8,34.9,1019.3,524
2022-09-06,21.8,14.9,30.9,0.2,0,200,8.6,34.6,1015.4,574
2022-09-07,20.3,14.2,27.9,8.7,0,256,10.4,38.5,1012.6,442
2022-09-08,17.2,14.2,22.2,7.5,0,223,14,53.3,1009.7,316
2022-09-09,16.4,13.1,22.1,2.1,0,169,11.9,41.8,1010.9,177
2022-09-10,15,12.6,18.2,13.9,0,187,10.8,41.8,1012.9,10
2022-09-11,16.6,11.4,22,0,0,302,7.2,23,1017.8,320
2022-09-12,15.8,9.3,23.6,0,0,72,5.8,29.5,1015.7,510
2022-09-13,17.3,10.5,25.1,12.8,0,199,7.2,25.2,1010.2,332
2022-09-14,17.1,14.8,19.7,27.2,0,130,5.8,22,1004.9,0
2022-09-15,15,11.2,17.4,0,0,292,10.4,28.8,1007.6,75
2022-09-16,12,8.8,16.9,2.6,0,245,16.2,50,1010.2,377
2022-09-17,10.6,8.3,15,0.5,0,251,20.5,54.7,1013,386
2022-09-18,9.4,6.8,11.9,14.8,0,237,16.6,55.1,1014.4,4
2022-09-19,11.3,7.6,16.4,0.7,0,257,17.6,48.6,1018.5,373
2022-09-20,10.1,5.6,15.8,0,0,250,9.4,29.2,1023,296
2022-09-21,9.5,2.9,16.9,0,0,26,4.7,18.4,1026.4,566
2022-09-22,10.2,3.3,18.6,0,0,101,4.7,37.4,1023.4,582
2022-09-23,10.6,3.8,17.9,0,0,36,5,17.6,1017.3,420
2022-09-24,12.4,5.6,19.3,1.7,0,3,4.3,16.9,1012.9,279
2022-09-25,11.2,5.3,13.6,0,0,338,6.5,22,1012.7,0
2022-09-26,9.6,5,13.5,7.7,0,195,13,46.4,1004.4,123
2022-09-27,9.3,7.3,11.3,5.8,0,221,15.8,36.7,998.2,26
2022-09-28,8.8,7,12.3,0.3,0,217,10.8,33.8,998,75
2022-09-29,7.8,4,14.2,0,0,274,4,13.7,1003.9,266
2022-09-30,7.4,1.7,15.3,4.3,0,192,5.4,21.6,1011.4,352
2022-10-01,10.3,5.1,16.4,20.2,0,200,11.5,58,1009.9,116
2022-10-02,11.6,7.2,16.2,0.2,0,212,10.1,33.8,1018.8,78
2022-10-03,10.4,5.4,15.3,0,0,250,9,25.2,1026.5,229
2022-10-04,10,5.5,17.4,0,0,105,5.4,24.1,1022.9,419
2022-10-05,12.3,5.3,19.3,0,0,213,9.7,38.2,1019.7,366
2022-10-06,12.7,4.6,17.1,0,0,230,11.5,39.6,1028.8,550
2022-10-07,8.9,2.3,17.5,0,0,248,4.7,23,1024.4,404
2022-10-08,9.3,3.5,15.6,0.3,0,228,9.7,55.4,1022,278
2022-10-09,7.9,0.8,16.1,0,0,51,6.5,28.4,1023.7,481
2022-10-10,10.5,2,18.9,0,0,132,6.8,24.8,1018.1,552
2022-10-11,8.9,3.5,14.4,0,0,9,7.2,23,1026,602
2022-10-12,7.9,1.1,15.7,0,0,47,2.9,12.2,1024.3,365
2022-10-13,9.7,5.3,14.5,4.6,0,141,4.3,16.2,1019.6,0
2022-10-14,13.1,11.4,14.8,2.2,0,155,8.3,28.8,1013.2,0
2022-10-15,14.9,12.5,17.8,0.4,0,184,9,34.2,1009.1,9
2022-10-16,15.2,11.8,19.9,0,0,194,6.5,24.5,1016.6,204
2022-10-17,16.9,12.6,23.2,14.3,0,142,7.6,26.6,1022.7,497
2022-10-18,15.2,8.8,19.6,9.4,0,354,5.4,17.3,1026.4,116
2022-10-19,9.5,6.6,14,0,0,19,11.2,31.3,1026.3,309
2022-10-20,9.3,5.1,11.9,3,0,76,8.3,24.8,1017.6,9
2022-10-21,14.1,11.6,18.1,4.7,0,137,7.9,27.4,1010.9,23
2022-10-22,13.8,9.1,17.1,0,0,186,6.5,31.3,1014.9,95
2022-10-23,12.2,7.2,16.5,1.3,0,58,6.8,18,1013.1,118
2022-10-24,15.1,9.8,19.2,0,0,195,14,51.5,1011.1,203
2022-10-25,13,8.1,17.1,0,0,197,10.8,35.3,1016.9,202
2022-10-26,12.6,8.1,19.2,0,0,82,5.8,17.3,1019,209
2022-10-27,13.5,9.2,19,0.2,0,58,6.5,21.6,1024.1,321
2022-10-28,15.7,11.5,20.9,0,0,126,6.5,23.8,1021.6,157
2022-10-29,13.3,9.5,18.3,0,0,33,4,11.9,1021.5,7
2022-10-30,12.9,8.5,20.7,0,0,45,4.3,13.7,1019.6,289
2022-10-31,11.5,7.5,17.5,0.4,0,28,5,17.6,1019.2,184
2022-11-01,12.4,6.4,16.8,0,0,167,10.1,42.5,1017.5,353
2022-11-02,9.7,4.1,14.5,0,0,205,14,49.7,1021.9,394
2022-11-03,8.8,4.6,11.5,4,0,111,7.6,29.9,1011.8,147
2022-11-04,8.8,5.2,11.6,0,0,209,7.9,35.3,1008,119
2022-11-05,7.6,5,11.6,0,0,219,9.7,27.4,1018.5,298
2022-11-06,7.2,3.2,10.3,0.3,0,152,11.2,32,1015.4,240
2022-11-07,10.7,7.4,13.6,0,0,168,13.7,43.6,1014.3,17
2022-11-08,10.2,5.4,13.5,1.4,0,122,7.9,25.2,1012.3,220
2022-11-09,11.8,7.6,14.6,0.3,0,187,14.4,45,1012.5,83
2022-11-10,8.5,4.5,13.2,0,0,194,9.7,28.4,1026.3,285
2022-11-11,5.7,4.5,7.2,0.1,0,167,5,13.3,1033.6,0
2022-11-12,5.1,2.8,6.4,0.1,0,33,5.4,13,1033.2,0
2022-11-13,4.9,-1,13,0,0,14,6.1,22.3,1024.1,405
2022-11-14,5.5,-0.3,10.1,0,0,79,10.1,32,1015.1,23
2022-11-15,10.5,7.5,13.1,7,0,124,7.9,23.8,1009,16
2022-11-16,9.6,8,12.2,3.9,0,124,7.6,28.8,1001.9,113
2022-11-17,9,6.8,11.5,5.2,0,134,10.1,32.8,995,0
2022-11-18,6.7,1.1,10.1,6.3,0,305,7.2,35.3,1003,44
2022-11-19,-0.4,-2.1,1.3,0,0,19,16.2,31.3,1012.5,0
2022-11-20,1,-2.2,5.7,9.1,0,109,7.2,43.6,1010.4,1
2022-11-21,5.1,3.2,7.4,1.2,0,204,12.2,42.1,1002.4,42
2022-11-22,5.8,4.2,7.3,0,0,154,11.9,32.8,998.2,75
2022-11-23,6.7,4.2,9.4,1.6,0,161,11.2,34.2,1002.5,288
2022-11-24,6.1,0.7,10.3,0.3,0,176,8.3,38.5,1012.2,110
2022-11-25,5.1,0.7,8.8,0.7,0,104,4.7,16.9,1018.7,48
2022-11-26,4,0,6,0,0,198,8.6,23.8,1030.8,0
2022-11-27,5,3.7,6.7,0,0,136,10.1,29.2,1024.2,64
2022-11-28,4.5,3.2,5.6,4.5,0,123,6.5,21.6,1014.1,0
2022-11-29,6.2,5.3,7.9,2.4,0,167,3.2,9.7,1018,0
2022-11-30,6.5,5.5,8.1,1,0,331,5.8,19.8,1022.8,0
2022-12-01,4.1,2.2,6,0,0,19,13,31,1025.4,0
2022-12-02,0.9,-0.1,2.4,0.9,0,21,19.4,34.6,1022.5,0
2022-12-03,-0.2,-0.4,0.2,0,0,20,15.8,28.4,1020.4,0
2022-12-04,0.8,-0.5,2,3.7,0,27,15.1,31.7,1016.5,0
2022-12-05,1.9,0.1,3.1,0,0,238,8.3,20.9,1018.6,0
2022-12-06,2.4,0.6,3.9,0,0,239,9.7,24.1,1018.8,0
2022-12-07,3.1,1.6,5.5,0.1,0,233,13.7,33.5,1015.6,118
2022-12-08,2.5,0.6,4.3,0.3,0,218,11.5,30.2,1009.3,0
2022-12-09,-0.2,-2.1,0.8,0,0,15,7.6,24.5,1006.9,20
2022-12-10,-1.2,-4.7,2,0,0,309,7.6,20.5,1010.3,152
2022-12-11,-2.1,-3.6,-0.9,0,0,225,4.7,17.3,1011.6,0
2022-12-12,-2.4,-4.4,-0.3,0,0,41,5,13.7,1013.5,57
2022-12-13,-5,-6.8,-3.1,0,0,34,9,18.7,1012.2,249
2022-12-14,-4.5,-7.6,-1,0,0,19,7.9,20.2,1004.4,157
2022-12-15,-5.2,-8.7,-3.5,0,0,39,5.4,17.3,1009.7,46
2022-12-16,-6.4,-10.3,-1.9,0,0,2,7.2,33.1,1015.6,247
2022-12-17,-7.2,-10.6,-5.5,0,0,48,3.6,15.1,1028.4,4
2022-12-18,-7.4,-11.7,-3.4,0,0,64,8.3,27.7,1031.3,184
2022-12-19,-0.3,-3.4,2.5,1.6,0,125,9.4,27.4,1024.4,0
2022-12-20,4.6,2.1,6.4,7.5,0,95,5.4,19.4,1017.4,1
2022-12-21,6.8,4.8,11.8,7.5,0,45,6.5,26.6,1012.1,130
2022-12-22,8.8,7.1,10.6,7.4,0,179,11.2,37.8,1006.2,23
2022-12-23,8.6,6.4,11.4,13.7,0,198,12.6,57.6,1005.5,0
2022-12-24,8.4,4.3,11.1,1.4,0,205,12.6,38.2,1013.9,16
2022-12-25,8.6,5.2,11.4,0.4,0,135,8.3,25.9,1014.8,0
2022-12-26,8.7,1.9,11.3,8.5,0,210,18.7,57.6,1015.8,5
2022-12-27,3.5,1,6.3,0,0,209,16.9,36.4,1026.4,138
2022-12-28,6.6,2.1,9.7,1,0,172,15.8,34.2,1015.6,0
2022-12-29,9.1,4.8,10.8,0.7,0,203,24.1,53.3,1008.4,9
2022-12-30,6.9,1.5,11.8,3.5,0,169,13.3,37.1,1011.6,43
2022-12-31,14.6,10.8,16.9,0,0,198,28.8,61.6,1011.5,28
2023-01-01,12.3,9.9,13.9,0.2,0,184,15.8,37.1,1017.2,0
2023-01-02,10.5,6.8,12.9,2,0,182,13,39.6,1018.7,0
2023-01-03,6.3,2.9,9.2,0.1,0,194,9.7,31,1028.9,104
2023-01-04,8.3,3.5,11.4,1.1,0,188,23.4,58.3,1020.6,0
2023-01-05,9.6,7.5,11.5,1.9,0,227,18.4,52.2,1020.2,38
2023-01-06,9.7,8,10.8,0,0,196,14,36.7,1020.2,0
2023-01-07,8.5,6.2,9.7,2.8,0,153,13.3,39.2,1015.1,0
2023-01-08,8.4,7.3,9.5,5,0,157,15.1,33.8,1004.4,14
2023-01-09,6.1,3.2,7.9,1.8,0,205,17.6,50,1002.2,18
2023-01-10,5.1,3,7.1,1,0,203,17.3,38.2,1018.5,37
2023-01-11,7,4.7,9.5,6.7,0,178,14.4,37.4,1014.2,0
2023-01-12,8.4,6.9,10.3,25.7,0,195,24.5,46.4,1012,0
2023-01-13,7.5,5.2,10.2,2.5,0,215,23,68.8,1010.8,145
2023-01-14,7,3.9,10,17.1,0,184,21.2,50.8,1010.6,0
2023-01-15,5,2.9,8.2,1.4,0,212,22,50.8,1003.9,24
2023-01-16,3.7,2.4,5,3.3,0,155,20.9,52.2,988.7,1
2023-01-17,1.2,-1.9,4.3,0,0,218,12.6,50.8,988.3,370
2023-01-18,-1.1,-4,1.7,0,0,267,7.9,23,997.3,192
2023-01-19,-1,-4.3,1.4,0.2,0,182,8.6,31,1007.5,2
2023-01-20,-1.5,-3.4,-0.2,1.1,0,129,6.5,25.2,1017.2,51
2023-01-21,-1.6,-5.4,1,0.1,20,10,14.4,41.8,1028.1,0
2023-01-22,0.9,0.2,1.5,0,10,0,13.3,45.7,1029.6,0
2023-01-23,1.7,0.3,3.1,0,0,31,18.4,45.4,1035.1,66
2023-01-24,1.4,0.6,1.9,0,0,40,15.8,39.2,1037.7,0
2023-01-25,-0.7,-2.1,0.6,0,0,41,5.8,16.6,1032.4,0
2023-01-26,-1.4,-3.1,0.1,0.2,0,269,5.4,19.1,1023.5,0
2023-01-27,1.9,0,3.6,0,0,25,12.2,35.6,1024.1,1
2023-01-28,0.3,-2.5,1.8,0,0,4,10.1,28.8,1029.3,0
2023-01-29,-2.4,-5.8,-0.2,0,0,240,8.6,27.4,1028.5,149
2023-01-30,3.1,-0.3,6.4,1.3,0,227,22,54.7,1019.5,124
2023-01-31,3.2,0.4,4.4,0.3,0,221,21.2,46.1,1023.3,1
